-- MySQL dump 10.13  Distrib 8.0.20, for Linux (x86_64)
--
-- Host: localhost    Database: commonapp
-- ------------------------------------------------------
-- Server version	8.0.20

/*!40101 SET @OLD_CHARACTER_SET_CLIENT=@@CHARACTER_SET_CLIENT */;
/*!40101 SET @OLD_CHARACTER_SET_RESULTS=@@CHARACTER_SET_RESULTS */;
/*!40101 SET @OLD_COLLATION_CONNECTION=@@COLLATION_CONNECTION */;
/*!50503 SET NAMES utf8mb4 */;
/*!40103 SET @OLD_TIME_ZONE=@@TIME_ZONE */;
/*!40103 SET TIME_ZONE='+00:00' */;
/*!40014 SET @OLD_UNIQUE_CHECKS=@@UNIQUE_CHECKS, UNIQUE_CHECKS=0 */;
/*!40014 SET @OLD_FOREIGN_KEY_CHECKS=@@FOREIGN_KEY_CHECKS, FOREIGN_KEY_CHECKS=0 */;
/*!40101 SET @OLD_SQL_MODE=@@SQL_MODE, SQL_MODE='NO_AUTO_VALUE_ON_ZERO' */;
/*!40111 SET @OLD_SQL_NOTES=@@SQL_NOTES, SQL_NOTES=0 */;

--
-- Table structure for table `adv_course_levels`
--

DROP TABLE IF EXISTS `adv_course_levels`;
/*!40101 SET @saved_cs_client     = @@character_set_client */;
/*!50503 SET character_set_client = utf8mb4 */;
CREATE TABLE `adv_course_levels` (
  `id` tinyint unsigned NOT NULL AUTO_INCREMENT,
  `name` varchar(150) NOT NULL,
  PRIMARY KEY (`id`),
  UNIQUE KEY `name` (`name`)
) ENGINE=InnoDB AUTO_INCREMENT=3 DEFAULT CHARSET=utf8mb4 COLLATE=utf8mb4_0900_ai_ci;
/*!40101 SET character_set_client = @saved_cs_client */;

--
-- Dumping data for table `adv_course_levels`
--

LOCK TABLES `adv_course_levels` WRITE;
/*!40000 ALTER TABLE `adv_course_levels` DISABLE KEYS */;
INSERT INTO `adv_course_levels` VALUES (1,'advanced'),(2,'college_level');
/*!40000 ALTER TABLE `adv_course_levels` ENABLE KEYS */;
UNLOCK TABLES;

--
-- Table structure for table `advanced_courses`
--

DROP TABLE IF EXISTS `advanced_courses`;
/*!40101 SET @saved_cs_client     = @@character_set_client */;
/*!50503 SET character_set_client = utf8mb4 */;
CREATE TABLE `advanced_courses` (
  `id` tinyint unsigned NOT NULL AUTO_INCREMENT,
  `name` varchar(150) NOT NULL,
  PRIMARY KEY (`id`),
  UNIQUE KEY `name` (`name`)
) ENGINE=InnoDB AUTO_INCREMENT=11 DEFAULT CHARSET=utf8mb4 COLLATE=utf8mb4_0900_ai_ci;
/*!40101 SET character_set_client = @saved_cs_client */;

--
-- Dumping data for table `advanced_courses`
--

LOCK TABLES `advanced_courses` WRITE;
/*!40000 ALTER TABLE `advanced_courses` DISABLE KEYS */;
INSERT INTO `advanced_courses` VALUES (1,'algebra'),(5,'astronomy'),(7,'biology'),(6,'chemistry'),(8,'english_language'),(2,'geometry'),(10,'history'),(3,'informatics'),(9,'literatura'),(4,'physics');
/*!40000 ALTER TABLE `advanced_courses` ENABLE KEYS */;
UNLOCK TABLES;

--
-- Temporary view structure for view `all_students_sorted_by_sat`
--

DROP TABLE IF EXISTS `all_students_sorted_by_sat`;
/*!50001 DROP VIEW IF EXISTS `all_students_sorted_by_sat`*/;
SET @saved_cs_client     = @@character_set_client;
/*!50503 SET character_set_client = utf8mb4 */;
/*!50001 CREATE VIEW `all_students_sorted_by_sat` AS SELECT 
 1 AS `first_name`,
 1 AS `last_name`,
 1 AS `sat_math_score`,
 1 AS `sat_english_score`,
 1 AS `name`,
 1 AS `sat_subject_score`,
 1 AS `total_sat`*/;
SET character_set_client = @saved_cs_client;

--
-- Table structure for table `applications`
--

DROP TABLE IF EXISTS `applications`;
/*!40101 SET @saved_cs_client     = @@character_set_client */;
/*!50503 SET character_set_client = utf8mb4 */;
CREATE TABLE `applications` (
  `id` bigint unsigned NOT NULL AUTO_INCREMENT,
  `student_id` bigint unsigned NOT NULL,
  `college_id` int unsigned NOT NULL,
  `created_at` datetime DEFAULT CURRENT_TIMESTAMP,
  `sent_at` datetime DEFAULT NULL,
  `status` tinyint(1) DEFAULT NULL,
  PRIMARY KEY (`id`),
  KEY `application_student_id_fk` (`student_id`),
  KEY `application_college_id_fk` (`college_id`),
  KEY `application_sent_at_idx` (`sent_at`),
  CONSTRAINT `application_college_id_fk` FOREIGN KEY (`college_id`) REFERENCES `college_profiles` (`id`) ON DELETE CASCADE,
  CONSTRAINT `application_student_id_fk` FOREIGN KEY (`student_id`) REFERENCES `student_profiles` (`id`) ON DELETE CASCADE
) ENGINE=InnoDB AUTO_INCREMENT=201 DEFAULT CHARSET=utf8 COLLATE=utf8_unicode_ci;
/*!40101 SET character_set_client = @saved_cs_client */;

--
-- Dumping data for table `applications`
--

LOCK TABLES `applications` WRITE;
/*!40000 ALTER TABLE `applications` DISABLE KEYS */;
INSERT INTO `applications` VALUES (1,94,97,'2020-05-31 21:22:42',NULL,0),(2,5,54,'2019-08-19 18:49:08','2020-06-11 00:48:23',1),(3,92,68,'2019-11-03 15:40:50','2020-03-03 18:19:03',1),(4,15,61,'2020-04-28 11:35:43','2020-05-28 11:55:43',1),(5,60,71,'2020-04-10 23:34:24','2020-05-20 00:43:26',1),(6,58,68,'2019-10-01 06:15:16','2020-06-09 15:32:45',1),(7,57,2,'2020-05-09 17:07:45',NULL,0),(8,7,81,'2019-10-11 01:43:24',NULL,0),(9,43,41,'2019-07-06 21:14:32',NULL,0),(10,37,79,'2019-09-02 22:57:28',NULL,0),(11,43,32,'2020-03-24 22:51:00',NULL,0),(12,79,90,'2020-04-22 07:42:12','2020-06-09 15:32:45',1),(13,11,5,'2020-03-09 08:42:33','2020-06-09 15:32:45',1),(14,70,56,'2019-11-23 07:07:57','2020-02-06 15:19:20',1),(15,15,9,'2019-12-30 13:47:29',NULL,0),(16,28,50,'2020-04-21 14:20:31',NULL,0),(17,61,77,'2020-01-11 00:06:40',NULL,0),(18,14,71,'2019-11-06 00:08:06',NULL,0),(19,19,70,'2020-04-12 05:36:45',NULL,0),(20,34,45,'2019-10-31 15:34:47',NULL,0),(21,50,6,'2019-12-12 03:35:11',NULL,0),(22,1,54,'2019-11-30 22:18:40','2020-06-09 15:32:45',1),(23,74,84,'2020-04-27 07:35:42',NULL,0),(24,9,83,'2020-01-22 02:13:14','2020-04-19 08:35:13',1),(25,88,64,'2020-02-08 23:44:39','2020-06-09 15:32:45',1),(26,83,64,'2019-12-13 23:25:04','2020-01-14 06:19:40',1),(27,45,87,'2020-02-21 21:35:58','2020-05-28 00:57:17',1),(28,39,67,'2019-10-11 12:41:56','2020-05-26 16:11:10',1),(29,84,10,'2019-06-29 10:05:54','2019-11-27 06:28:17',1),(30,4,16,'2020-02-28 13:59:51','2020-06-09 15:32:45',1),(31,27,50,'2019-06-14 15:33:36',NULL,0),(32,13,74,'2019-10-11 00:38:12','2020-04-25 18:03:06',1),(33,2,3,'2019-11-25 12:58:11','2019-12-10 22:37:04',1),(34,37,57,'2019-11-25 03:38:36',NULL,0),(35,46,2,'2019-09-10 06:02:37',NULL,0),(36,100,65,'2020-04-13 23:19:34',NULL,0),(37,70,46,'2020-01-13 16:32:38',NULL,0),(38,64,31,'2020-03-20 02:39:49',NULL,0),(39,32,20,'2019-08-17 08:03:04','2019-10-23 02:21:21',1),(40,65,35,'2019-10-04 02:17:47',NULL,0),(41,57,24,'2019-11-07 03:46:17','2020-06-03 22:48:14',1),(42,34,16,'2019-10-28 18:01:37','2020-06-09 15:32:45',1),(43,92,20,'2020-06-03 18:29:34',NULL,0),(44,13,51,'2019-10-31 05:16:19','2020-06-02 19:26:16',1),(45,44,39,'2019-07-05 17:10:07',NULL,0),(46,46,15,'2019-06-10 17:57:12',NULL,0),(47,25,67,'2020-05-30 22:54:24','2020-06-09 15:32:45',1),(48,56,30,'2019-09-11 04:49:31',NULL,0),(49,90,12,'2019-08-04 04:01:41','2020-02-20 17:42:57',1),(50,74,65,'2019-06-09 17:34:36','2020-03-16 03:28:46',1),(51,74,24,'2019-08-22 19:49:56','2020-06-09 15:32:45',1),(52,54,53,'2019-08-31 19:42:49',NULL,0),(53,73,84,'2019-11-25 06:12:50',NULL,0),(54,67,55,'2020-01-30 17:17:15','2020-06-09 15:32:45',1),(55,85,88,'2019-11-02 08:08:47',NULL,0),(56,61,78,'2019-12-10 15:23:10',NULL,0),(57,15,72,'2020-04-30 00:58:37','2020-06-09 15:32:45',1),(58,7,24,'2020-04-26 18:22:04',NULL,0),(59,86,64,'2019-09-09 02:14:37',NULL,0),(60,31,37,'2020-03-19 11:23:28',NULL,0),(61,81,25,'2019-12-10 05:47:57','2020-04-30 03:18:14',1),(62,23,44,'2019-10-21 14:28:11','2020-05-14 14:24:23',1),(63,32,90,'2019-08-04 09:50:18','2019-12-24 05:51:08',1),(64,53,30,'2020-01-09 02:11:19','2020-06-09 15:32:45',1),(65,86,29,'2020-01-04 12:24:11','2020-06-09 15:32:45',1),(66,37,61,'2019-10-07 12:58:26',NULL,0),(67,47,26,'2020-01-29 19:10:10',NULL,0),(68,80,21,'2020-01-04 03:20:06','2020-06-09 15:32:45',1),(69,25,6,'2020-05-10 08:56:38','2020-06-09 15:32:45',1),(70,25,38,'2019-07-01 20:53:15',NULL,0),(71,34,60,'2020-04-29 08:52:30','2020-06-09 15:32:45',1),(72,47,26,'2020-01-03 08:35:35','2020-06-09 15:32:45',1),(73,87,35,'2019-07-13 00:43:49','2020-01-21 00:01:32',1),(74,81,26,'2020-01-10 05:58:26','2020-03-31 07:52:47',1),(75,73,13,'2020-04-12 06:48:49','2020-06-09 15:32:45',1),(76,42,54,'2019-09-15 22:35:57',NULL,0),(77,41,90,'2019-12-10 08:04:54','2020-06-09 15:32:45',1),(78,50,22,'2019-08-19 08:34:53','2019-09-21 20:31:39',1),(79,64,72,'2020-03-23 22:49:03',NULL,0),(80,73,84,'2019-10-09 18:20:52','2020-06-09 15:32:45',1),(81,77,30,'2020-01-27 02:45:29',NULL,0),(82,88,62,'2020-03-23 03:43:45',NULL,0),(83,53,65,'2019-08-17 22:56:14','2020-06-09 15:32:45',1),(84,12,69,'2019-11-27 16:49:08',NULL,0),(85,18,5,'2020-02-17 00:47:50','2020-06-09 15:32:45',1),(86,68,43,'2019-07-22 10:36:49',NULL,0),(87,79,16,'2019-10-08 21:56:26','2020-06-09 15:32:45',1),(88,11,20,'2019-10-16 22:31:22','2020-04-17 06:04:03',1),(89,59,17,'2020-03-06 01:48:37',NULL,0),(90,74,40,'2019-12-03 11:33:10','2020-06-09 15:32:45',1),(91,50,41,'2020-03-20 14:57:14',NULL,0),(92,3,74,'2019-08-16 13:05:10','2020-05-28 18:06:06',1),(93,88,78,'2020-05-16 23:52:09',NULL,0),(94,1,99,'2019-07-05 13:26:04','2019-10-21 21:54:58',1),(95,66,72,'2019-11-02 18:46:55','2019-11-13 15:08:45',1),(96,6,43,'2020-05-14 09:43:43','2020-06-09 15:32:45',1),(97,21,90,'2019-06-22 02:27:38',NULL,0),(98,15,62,'2019-08-16 08:20:16','2019-10-25 12:22:47',1),(99,74,58,'2019-11-11 16:19:33',NULL,0),(100,92,1,'2020-01-14 19:08:40','2020-06-09 15:32:45',1),(101,57,4,'2019-06-16 06:56:59','2019-08-09 06:57:22',1),(102,10,65,'2020-06-01 19:22:48','2020-06-09 15:32:45',1),(103,50,6,'2020-03-31 22:19:26',NULL,0),(104,83,97,'2020-05-08 02:29:40',NULL,0),(105,53,92,'2019-11-14 04:25:32',NULL,0),(106,65,39,'2020-05-08 04:21:16',NULL,0),(107,91,12,'2019-12-12 14:21:50','2020-06-09 15:32:45',1),(108,28,21,'2020-03-29 07:25:06',NULL,0),(109,14,29,'2019-10-04 23:38:55',NULL,0),(110,49,85,'2019-09-05 09:29:08',NULL,0),(111,92,50,'2019-09-09 12:25:59',NULL,0),(112,29,67,'2019-12-16 21:26:37',NULL,0),(113,31,54,'2020-03-11 14:38:02','2020-06-09 15:32:45',1),(114,50,62,'2020-02-08 07:17:20',NULL,0),(115,2,14,'2020-03-07 19:35:10',NULL,0),(116,48,9,'2019-08-26 23:45:16','2019-10-13 12:27:54',1),(117,94,44,'2019-12-31 05:23:11','2020-06-09 15:32:45',1),(118,36,39,'2020-04-29 02:32:12',NULL,0),(119,23,23,'2019-09-24 14:51:44','2019-12-26 04:37:58',1),(120,12,45,'2019-07-04 04:14:21','2019-11-20 12:16:05',1),(121,76,89,'2020-05-29 15:41:16','2020-06-08 01:51:18',1),(122,10,30,'2019-10-11 05:26:15',NULL,0),(123,4,17,'2019-06-26 01:09:56',NULL,0),(124,77,88,'2020-04-09 18:29:57','2020-06-03 02:52:30',1),(125,73,56,'2019-07-28 02:52:39','2019-09-11 19:21:37',1),(126,38,84,'2020-03-08 01:29:56',NULL,0),(127,82,32,'2020-01-25 11:04:01','2020-06-09 15:32:45',1),(128,78,63,'2019-12-08 05:56:41',NULL,0),(129,70,37,'2019-12-22 10:51:22','2020-05-13 00:05:18',1),(130,88,27,'2019-10-25 18:08:29',NULL,0),(131,18,70,'2020-01-25 01:30:00',NULL,0),(132,40,30,'2019-08-16 09:03:37','2019-11-21 20:22:40',1),(133,38,22,'2019-08-27 20:00:18','2020-05-30 21:13:54',1),(134,17,47,'2019-12-29 12:02:03',NULL,0),(135,25,33,'2019-08-28 20:30:25','2020-01-01 14:49:35',1),(136,29,84,'2019-09-30 14:19:07','2020-05-22 13:18:31',1),(137,92,85,'2019-09-15 17:47:26',NULL,0),(138,41,70,'2019-10-15 19:01:02','2019-10-31 02:31:17',1),(139,31,76,'2019-07-22 18:02:08','2020-06-09 15:32:45',1),(140,92,60,'2019-07-19 17:23:58','2019-08-29 20:58:36',1),(141,51,55,'2020-01-19 11:20:54',NULL,0),(142,63,57,'2019-11-05 10:32:39',NULL,0),(143,64,42,'2020-03-06 13:22:50','2020-06-09 15:32:45',1),(144,99,34,'2020-03-29 20:06:19','2020-06-09 15:32:45',1),(145,73,92,'2019-07-03 10:38:22',NULL,0),(146,82,99,'2019-12-05 04:05:05',NULL,0),(147,10,39,'2020-05-28 01:38:05',NULL,0),(148,17,32,'2019-09-29 18:17:34','2019-12-28 05:27:17',1),(149,76,96,'2020-01-27 13:47:48','2020-06-09 15:32:45',1),(150,47,80,'2019-10-29 02:43:48','2020-04-08 11:51:50',1),(151,33,1,'2019-10-31 12:55:26',NULL,0),(152,27,1,'2019-11-01 05:04:36',NULL,0),(153,4,65,'2020-02-24 00:53:40',NULL,0),(154,62,54,'2019-09-01 07:47:28',NULL,0),(155,56,12,'2020-02-05 18:53:52','2020-03-15 13:26:46',1),(156,45,4,'2019-12-16 16:57:58','2020-02-06 20:47:24',1),(157,23,70,'2020-05-21 05:17:22','2020-06-09 15:32:45',1),(158,13,15,'2020-02-01 14:01:06','2020-06-06 07:11:28',1),(159,60,86,'2020-03-30 07:51:36',NULL,0),(160,25,51,'2019-10-02 15:40:45','2020-04-29 02:49:54',1),(161,84,57,'2019-11-29 01:49:13',NULL,0),(162,99,82,'2019-09-07 15:45:29',NULL,0),(163,42,76,'2019-08-29 16:37:10',NULL,0),(164,11,76,'2019-10-21 04:19:03',NULL,0),(165,63,80,'2019-07-26 00:19:34','2020-02-14 07:18:00',1),(166,46,42,'2019-06-20 17:22:31','2020-02-06 21:12:01',1),(167,58,51,'2019-12-31 07:35:15',NULL,0),(168,4,65,'2020-01-28 02:46:09',NULL,0),(169,99,59,'2020-06-06 02:26:29','2020-06-09 15:32:45',1),(170,82,18,'2020-03-24 18:42:02',NULL,0),(171,34,53,'2019-10-20 05:22:07',NULL,0),(172,56,85,'2019-09-07 05:58:27','2020-06-09 15:32:45',1),(173,98,24,'2019-08-02 04:37:32',NULL,0),(174,44,44,'2019-07-08 23:20:02','2019-12-16 04:37:48',1),(175,72,92,'2019-06-19 12:27:28','2020-06-09 15:32:45',1),(176,32,24,'2019-12-24 18:03:56',NULL,0),(177,98,47,'2019-08-04 02:38:34','2019-12-19 05:19:06',1),(178,58,32,'2020-04-01 06:08:11',NULL,0),(179,88,99,'2019-08-24 17:52:19',NULL,0),(180,40,34,'2019-09-01 16:39:56',NULL,0),(181,73,86,'2019-07-28 00:20:48','2020-05-20 00:54:40',1),(182,9,18,'2020-02-12 13:46:59','2020-06-09 15:32:45',1),(183,26,27,'2020-06-02 15:34:50','2020-06-09 15:32:45',1),(184,80,10,'2019-08-26 15:59:33',NULL,0),(185,18,59,'2020-04-28 18:57:04',NULL,0),(186,93,29,'2019-10-02 13:05:50',NULL,0),(187,71,52,'2020-04-22 14:44:03',NULL,0),(188,91,85,'2020-04-14 15:28:02','2020-06-09 15:32:45',1),(189,34,20,'2020-02-07 10:20:49','2020-05-20 16:52:21',1),(190,55,55,'2020-04-20 09:50:09','2020-06-09 15:32:45',1),(191,29,40,'2019-10-20 17:03:20',NULL,0),(192,11,46,'2020-04-05 08:56:56',NULL,0),(193,47,38,'2019-08-01 13:34:31',NULL,0),(194,16,89,'2019-11-30 01:52:58',NULL,0),(195,50,71,'2019-11-25 01:38:02',NULL,0),(196,49,84,'2020-04-08 13:09:04',NULL,0),(197,5,85,'2019-08-14 07:12:43',NULL,0),(198,83,17,'2019-07-23 19:33:23',NULL,0),(199,77,40,'2019-11-02 02:54:14','2019-11-08 12:51:06',1),(200,32,59,'2019-06-17 17:25:25',NULL,0);
/*!40000 ALTER TABLE `applications` ENABLE KEYS */;
UNLOCK TABLES;
/*!50003 SET @saved_cs_client      = @@character_set_client */ ;
/*!50003 SET @saved_cs_results     = @@character_set_results */ ;
/*!50003 SET @saved_col_connection = @@collation_connection */ ;
/*!50003 SET character_set_client  = utf8mb4 */ ;
/*!50003 SET character_set_results = utf8mb4 */ ;
/*!50003 SET collation_connection  = utf8mb4_0900_ai_ci */ ;
/*!50003 SET @saved_sql_mode       = @@sql_mode */ ;
/*!50003 SET sql_mode              = 'ONLY_FULL_GROUP_BY,STRICT_TRANS_TABLES,NO_ZERO_IN_DATE,NO_ZERO_DATE,ERROR_FOR_DIVISION_BY_ZERO,NO_ENGINE_SUBSTITUTION' */ ;
DELIMITER ;;
/*!50003 CREATE*/ /*!50017 DEFINER=`root`@`localhost`*/ /*!50003 TRIGGER `application_send` BEFORE UPDATE ON `applications` FOR EACH ROW BEGIN
	 	IF new.status = 1 
	 	THEN SET NEW.sent_at = NOW();
 	END IF;
 	END */;;
DELIMITER ;
/*!50003 SET sql_mode              = @saved_sql_mode */ ;
/*!50003 SET character_set_client  = @saved_cs_client */ ;
/*!50003 SET character_set_results = @saved_cs_results */ ;
/*!50003 SET collation_connection  = @saved_col_connection */ ;

--
-- Temporary view structure for view `college_applicants_sorted`
--

DROP TABLE IF EXISTS `college_applicants_sorted`;
/*!50001 DROP VIEW IF EXISTS `college_applicants_sorted`*/;
SET @saved_cs_client     = @@character_set_client;
/*!50503 SET character_set_client = utf8mb4 */;
/*!50001 CREATE VIEW `college_applicants_sorted` AS SELECT 
 1 AS `first_name`,
 1 AS `last_name`,
 1 AS `sex`,
 1 AS `birthday`,
 1 AS `email`*/;
SET character_set_client = @saved_cs_client;

--
-- Table structure for table `college_profiles`
--

DROP TABLE IF EXISTS `college_profiles`;
/*!40101 SET @saved_cs_client     = @@character_set_client */;
/*!50503 SET character_set_client = utf8mb4 */;
CREATE TABLE `college_profiles` (
  `id` int unsigned NOT NULL AUTO_INCREMENT,
  `name` varchar(100) CHARACTER SET utf8 COLLATE utf8_unicode_ci NOT NULL,
  `address` varchar(255) CHARACTER SET utf8 COLLATE utf8_unicode_ci NOT NULL,
  `admission_email` varchar(100) CHARACTER SET utf8 COLLATE utf8_unicode_ci NOT NULL,
  `college_info` text CHARACTER SET utf8 COLLATE utf8_unicode_ci,
  `requirements` text CHARACTER SET utf8 COLLATE utf8_unicode_ci,
  PRIMARY KEY (`id`),
  UNIQUE KEY `admission_email` (`admission_email`),
  UNIQUE KEY `colleges_profiles_name_idx` (`name`)
) ENGINE=InnoDB AUTO_INCREMENT=101 DEFAULT CHARSET=utf8 COLLATE=utf8_unicode_ci;
/*!40101 SET character_set_client = @saved_cs_client */;

--
-- Dumping data for table `college_profiles`
--

LOCK TABLES `college_profiles` WRITE;
/*!40000 ALTER TABLE `college_profiles` DISABLE KEYS */;
INSERT INTO `college_profiles` VALUES (1,'Kuhic, Koch and Goyette','82358 Labadie Summit Apt. 082\nLake Hudsonstad, WV 74029-1949','emelie01@example.com','https://dropbox/ca/quia.pdf','https://dropbox/ca/Omnis.jpeg'),(2,'Johns-Mueller','0452 Bahringer Burgs\nBergstromchester, IA 16055','emmie62@example.org','https://dropbox/ca/eos.jpeg','https://dropbox/ca/Fuga .pdf'),(3,'Jenkins Ltd','48712 Hilpert River Apt. 395\nLake Abbyview, NV 63409','kkulas@example.org','https://dropbox/ca/iure.jpeg','https://dropbox/ca/Ut mo.pdf'),(4,'Bailey, Schaefer and Von','9427 Anahi Plain Suite 817\nNorth Pearliebury, LA 90276','ilehner@example.net','https://dropbox/ca/exerc.jpeg','https://dropbox/ca/Venia.pdf'),(5,'Donnelly Group','3661 McGlynn Well Suite 339\nGusikowskishire, WY 84697','ufay@example.org','https://dropbox/ca/eaque.pdf','https://dropbox/ca/Rerum.pdf'),(6,'Steuber PLC','364 Cooper Throughway Apt. 296\nNew Leonorabury, IN 42654-5612','alessia21@example.net','https://dropbox/ca/nihil.jpeg','https://dropbox/ca/Hic p.jpeg'),(7,'Hauck-Wehner','657 Alf Key Apt. 099\nSchulistside, NE 99398','pouros.terrill@example.org','https://dropbox/ca/et.pdf','https://dropbox/ca/Atque.pdf'),(8,'Grimes, Hammes and Thiel','6281 Jacobs Pass Apt. 832\nSouth Theresa, ME 43818-8292','gretchen.wilkinson@example.org','https://dropbox/ca/dolor.pdf','https://dropbox/ca/Digni.pdf'),(9,'Runolfsdottir-Pollich','454 Windler Terrace\nChetview, DC 63708-9305','mcdermott.katelyn@example.com','https://dropbox/ca/nihil.pdf','https://dropbox/ca/Deser.pdf'),(10,'Hudson, Casper and Casper','86617 Johathan Key Suite 447\nEast Javon, NJ 18866-5374','kuvalis.janae@example.com','https://dropbox/ca/totam.pdf','https://dropbox/ca/Eius .pdf'),(11,'Schmidt, Wiegand and Frami','299 Lowe Corner\nTremaineshire, NY 40262-1086','deckow.merle@example.com','https://dropbox/ca/ut.pdf','https://dropbox/ca/Non u.jpeg'),(12,'Mitchell, Hessel and Kunde','7011 Grant Circle Suite 832\nReichelfort, WI 23531-4475','polly.windler@example.com','https://dropbox/ca/et.pdf','https://dropbox/ca/Digni.jpeg'),(13,'Stoltenberg, Gulgowski and Friesen','999 Schaden Wall Apt. 010\nLenoreport, WY 62645','wisozk.felipe@example.org','https://dropbox/ca/moles.jpeg','https://dropbox/ca/Sint .pdf'),(14,'Cruickshank LLC','8285 Ruecker Brook\nWuckerthaven, AL 10474-4900','agnes66@example.com','https://dropbox/ca/corru.pdf','https://dropbox/ca/Maior.pdf'),(15,'Rempel-Koepp','18901 Schmidt Ways\nO\'Connerland, TX 10136','denesik.nathen@example.org','https://dropbox/ca/beata.jpeg','https://dropbox/ca/Eum d.pdf'),(16,'Quigley and Sons','362 Stamm Bypass Suite 603\nPfefferton, MT 87302','ygreenholt@example.net','https://dropbox/ca/volup.jpeg','https://dropbox/ca/Praes.jpeg'),(17,'Casper Inc','01719 Timmothy Estate Suite 785\nPort Toneychester, NH 36100','violette.rippin@example.org','https://dropbox/ca/aut.jpeg','https://dropbox/ca/Magna.jpeg'),(18,'Gerhold-Funk','76359 Maggio Island Apt. 286\nOberbrunnerhaven, AL 65432','julia91@example.org','https://dropbox/ca/dolor.jpeg','https://dropbox/ca/Omnis.jpeg'),(19,'Parisian Ltd','3528 Geovanny Ferry\nFramimouth, AZ 60033-0178','lavina.veum@example.net','https://dropbox/ca/bland.jpeg','https://dropbox/ca/Aut e.pdf'),(20,'Stokes, Heidenreich and Hoppe','457 Delphine Glens Apt. 390\nMcCulloughshire, NC 40460-1519','ocartwright@example.net','https://dropbox/ca/unde.pdf','https://dropbox/ca/Sapie.pdf'),(21,'Stokes Inc','61748 Darrel Pines\nNorth Katelin, DC 85500-2836','qjones@example.net','https://dropbox/ca/est.pdf','https://dropbox/ca/Quia .jpeg'),(22,'Jones, Harber and Glover','25048 Faye Manor\nRolfsonview, KY 30362','lindgren.rex@example.org','https://dropbox/ca/quia.jpeg','https://dropbox/ca/Autem.pdf'),(23,'Welch, Runte and DuBuque','8150 Everette Underpass\nDelbertfurt, RI 71348','luettgen.tyrique@example.net','https://dropbox/ca/aliqu.pdf','https://dropbox/ca/Est v.pdf'),(24,'Kerluke, Cole and Walker','997 Eula Forge Suite 952\nNew Dagmarchester, MS 38138','shana51@example.net','https://dropbox/ca/corpo.pdf','https://dropbox/ca/Volup.jpeg'),(25,'Bauch, Ernser and Corwin','253 Lehner Course\nPollichland, GA 34363','onie.adams@example.com','https://dropbox/ca/delec.pdf','https://dropbox/ca/Aliqu.jpeg'),(26,'Hansen-Abbott','962 Lucas Hollow Apt. 751\nShainaburgh, TX 09039-0182','fanderson@example.org','https://dropbox/ca/offic.jpeg','https://dropbox/ca/Ab ex.jpeg'),(27,'Bartoletti Group','891 Bartell Prairie Suite 057\nLake Adele, LA 81829','lessie11@example.com','https://dropbox/ca/moles.pdf','https://dropbox/ca/Et qu.pdf'),(28,'Carroll and Sons','0353 Ritchie Keys\nLake Malachistad, WV 71330-5438','xdenesik@example.net','https://dropbox/ca/quia.pdf','https://dropbox/ca/Facil.pdf'),(29,'Bode Inc','4332 Dach Court Apt. 632\nWest Sigmund, NJ 78176-1033','ifunk@example.net','https://dropbox/ca/conse.pdf','https://dropbox/ca/Repre.pdf'),(30,'Zulauf-Hintz','431 Rashad Turnpike Suite 288\nKundeshire, IN 20361','opal58@example.com','https://dropbox/ca/aut.jpeg','https://dropbox/ca/Beata.jpeg'),(31,'Klein, Orn and McLaughlin','983 Waelchi Squares\nDorthaville, IL 78702-4822','wcole@example.net','https://dropbox/ca/incid.pdf','https://dropbox/ca/Labor.pdf'),(32,'Watsica, Hintz and Hickle','06487 Hilpert Junctions\nBotsfordtown, OR 57253','loyal.buckridge@example.org','https://dropbox/ca/rem.pdf','https://dropbox/ca/Dolor.jpeg'),(33,'Senger-Jones','1391 Muller Center\nEast Isadore, WV 85258-4164','enos.bergstrom@example.com','https://dropbox/ca/ab.jpeg','https://dropbox/ca/Ipsam.jpeg'),(34,'Kilback-Glover','73944 Stiedemann Crossroad\nEast Lupehaven, AL 83954-8591','rohan.aracely@example.org','https://dropbox/ca/modi.pdf','https://dropbox/ca/Quas .jpeg'),(35,'Legros PLC','820 Candido Run\nLake Americachester, TN 65365','graciela80@example.net','https://dropbox/ca/sequi.jpeg','https://dropbox/ca/Cupid.pdf'),(36,'Bahringer, Ziemann and Casper','90904 Kihn Ranch\nWest Otha, OK 48910-2087','hanna.mccullough@example.net','https://dropbox/ca/excep.jpeg','https://dropbox/ca/Adipi.jpeg'),(37,'Gottlieb, Shanahan and Greenfelder','4514 Heloise Overpass Suite 283\nFraneckiport, MI 80635','xstokes@example.org','https://dropbox/ca/dolor.jpeg','https://dropbox/ca/Natus.pdf'),(38,'Okuneva, Hettinger and Corwin','4683 Aaliyah Villages Apt. 589\nRaquelberg, RI 52171-4412','dicki.kamron@example.org','https://dropbox/ca/velit.jpeg','https://dropbox/ca/Praes.jpeg'),(39,'Conn, Wolf and Kris','7755 Turner Crest\nEast Onietown, PA 80443-6769','sandy47@example.org','https://dropbox/ca/sed.pdf','https://dropbox/ca/Asper.jpeg'),(40,'Lakin, Zieme and Daniel','527 Joan Mission\nPort Belleside, NJ 63576-5831','sister61@example.com','https://dropbox/ca/simil.pdf','https://dropbox/ca/In of.pdf'),(41,'Graham Group','71747 Malvina Square\nPort Hubert, KY 14555-8284','alyce.feest@example.com','https://dropbox/ca/dolor.jpeg','https://dropbox/ca/Non l.jpeg'),(42,'Leuschke, Quigley and Daniel','520 Russell Locks\nCarolineberg, NV 41084','kassulke.nyah@example.net','https://dropbox/ca/id.pdf','https://dropbox/ca/Eum e.pdf'),(43,'Cormier-Rau','394 Emely Underpass\nJenaborough, NV 13676-9097','conroy.anika@example.org','https://dropbox/ca/excep.jpeg','https://dropbox/ca/Magna.pdf'),(44,'Kris Ltd','04064 Anissa Viaduct\nFramihaven, CO 07121-9400','wiegand.florian@example.org','https://dropbox/ca/delec.pdf','https://dropbox/ca/Volup.pdf'),(45,'Morissette, Bednar and Hegmann','1091 Mohr Ports\nWest Elodyborough, OH 58766','vharber@example.org','https://dropbox/ca/aliqu.pdf','https://dropbox/ca/Fuga .pdf'),(46,'Schulist, Lang and Volkman','666 Haag Highway Suite 503\nLake Raeville, TN 97552','xkassulke@example.com','https://dropbox/ca/aliqu.pdf','https://dropbox/ca/Cumqu.pdf'),(47,'Strosin, Gutkowski and Senger','730 Emmett Summit Apt. 006\nNew Casimer, OR 39854','cdeckow@example.org','https://dropbox/ca/quia.jpeg','https://dropbox/ca/Occae.jpeg'),(48,'Hoeger-Bartoletti','807 Afton Junction\nEast Laisha, PA 25660','pbergnaum@example.org','https://dropbox/ca/tempo.jpeg','https://dropbox/ca/Eum n.pdf'),(49,'Kunde, Robel and O\'Connell','947 Enrico Harbor Suite 409\nEichmanntown, SC 12209-1612','theodora.kling@example.com','https://dropbox/ca/maior.pdf','https://dropbox/ca/Eum i.pdf'),(50,'Wisoky-Armstrong','2025 Wiegand Stream Suite 712\nDevonteborough, DE 49404','everardo83@example.org','https://dropbox/ca/delen.jpeg','https://dropbox/ca/Nesci.jpeg'),(51,'Murazik, Grady and Gerhold','7178 Dora Extension\nBaumbachview, KS 43347-7961','loma90@example.com','https://dropbox/ca/molli.pdf','https://dropbox/ca/Imped.jpeg'),(52,'Kiehn and Sons','29441 Martin Haven Suite 600\nWest Dorcas, MT 28906-1385','qrutherford@example.net','https://dropbox/ca/quasi.jpeg','https://dropbox/ca/Et ip.pdf'),(53,'Vandervort, Cassin and Conn','1718 Mayert Viaduct\nRickmouth, WI 96277','robert.gleason@example.com','https://dropbox/ca/nobis.pdf','https://dropbox/ca/Dolor.jpeg'),(54,'Schowalter-Strosin','19900 Lynch Forest\nLake Isabel, ND 77449','hiram.rice@example.net','https://dropbox/ca/aut.jpeg','https://dropbox/ca/Est e.pdf'),(55,'Hagenes, Wehner and Murray','179 Goyette Plains Apt. 357\nSouth Zita, NV 83846','dhermann@example.org','https://dropbox/ca/enim.pdf','https://dropbox/ca/Minim.jpeg'),(56,'Abshire-Bosco','876 Runolfsson Islands Apt. 435\nWest Meagan, MO 34170-4965','jett.mclaughlin@example.com','https://dropbox/ca/fuga.jpeg','https://dropbox/ca/Dicta.pdf'),(57,'Gutkowski-Jones','8504 Ryan Street\nNew Brannonton, OH 31526','padberg.harry@example.net','https://dropbox/ca/magna.pdf','https://dropbox/ca/Non q.jpeg'),(58,'Mills-Graham','86100 Cummerata Meadow Suite 587\nSusannaport, MO 26424-2856','tillman.gaylord@example.net','https://dropbox/ca/conse.jpeg','https://dropbox/ca/Magni.pdf'),(59,'Hoppe-Yundt','6905 Ericka Knolls Apt. 304\nNorth Emmitt, NJ 62534-8360','lcorkery@example.org','https://dropbox/ca/et.jpeg','https://dropbox/ca/Est q.pdf'),(60,'Quigley Group','934 Brakus Fall\nPort Lowellland, TX 25726-7908','adella.reinger@example.net','https://dropbox/ca/est.pdf','https://dropbox/ca/Conse.jpeg'),(61,'Will, Reynolds and Casper','7034 Bergnaum Knoll Suite 560\nNorth Ashton, WV 22771','ora.shields@example.net','https://dropbox/ca/harum.pdf','https://dropbox/ca/Offic.pdf'),(62,'Volkman, Turner and Sauer','322 Dibbert Freeway\nAudreanneborough, MN 45545-9331','ortiz.clare@example.com','https://dropbox/ca/minus.pdf','https://dropbox/ca/Unde .jpeg'),(63,'Dibbert LLC','181 Luna Crossing\nEribertobury, DC 37102-2641','keyshawn91@example.com','https://dropbox/ca/odit.pdf','https://dropbox/ca/Sit n.pdf'),(64,'Schimmel, Cormier and Funk','51315 Katelynn Pines Suite 458\nCruickshankview, NY 11122','farmstrong@example.org','https://dropbox/ca/simil.jpeg','https://dropbox/ca/Esse .jpeg'),(65,'Cremin-Murphy','27320 Bethany Lights Suite 367\nConortown, CO 31896','vdubuque@example.org','https://dropbox/ca/ea.jpeg','https://dropbox/ca/Repel.pdf'),(66,'Leffler Inc','380 Parker Pines Apt. 665\nSouth Hildamouth, DC 09349','jabari52@example.net','https://dropbox/ca/animi.jpeg','https://dropbox/ca/Qui e.jpeg'),(67,'Borer-Mohr','158 Mac Cliffs\nNew Hector, AZ 92252-7922','hand.lyric@example.net','https://dropbox/ca/vero.jpeg','https://dropbox/ca/Volup.pdf'),(68,'Rolfson, Cronin and Baumbach','54415 Elisabeth Skyway\nSouth Lucindafort, AL 94020-5057','tkling@example.net','https://dropbox/ca/tempo.jpeg','https://dropbox/ca/Qui e.pdf'),(69,'Lehner-Murray','53444 Santiago Port Apt. 980\nLake Damion, NJ 41416-3747','ojohnston@example.net','https://dropbox/ca/elige.pdf','https://dropbox/ca/Simil.jpeg'),(70,'Bechtelar PLC','66463 Wintheiser Land Apt. 903\nEast Laurianne, SC 93994-6363','llewellyn.bashirian@example.net','https://dropbox/ca/moles.jpeg','https://dropbox/ca/Volup.pdf'),(71,'Jerde LLC','89057 Louisa Path Suite 896\nAnaisfort, OH 97020-6453','madelyn.harber@example.net','https://dropbox/ca/nostr.pdf','https://dropbox/ca/Quia .jpeg'),(72,'O\'Keefe Ltd','245 Abshire Center Suite 072\nKuhlmantown, AZ 38413-3083','sammie97@example.org','https://dropbox/ca/aperi.jpeg','https://dropbox/ca/Repel.jpeg'),(73,'Hermann, Lubowitz and Hoeger','58734 Stiedemann Trace Apt. 402\nEast Gloria, DC 75489','pollich.mark@example.com','https://dropbox/ca/non.pdf','https://dropbox/ca/Odit .pdf'),(74,'Fay-Purdy','166 Grover Circles Suite 056\nSalvatorechester, CA 77223','horace.schultz@example.com','https://dropbox/ca/harum.pdf','https://dropbox/ca/Place.pdf'),(75,'Gerlach Inc','452 Kellie Rest Apt. 412\nNew Jedidiah, DE 71140','kirlin.jamey@example.net','https://dropbox/ca/nobis.pdf','https://dropbox/ca/Totam.jpeg'),(76,'Lowe, Pfeffer and Berge','8361 Tromp Track\nPort Elna, HI 13706-9956','steuber.lizeth@example.com','https://dropbox/ca/omnis.jpeg','https://dropbox/ca/Ut eo.jpeg'),(77,'Bogan LLC','0262 Schroeder Flat Suite 969\nLetachester, NM 41930','rutherford.chanelle@example.com','https://dropbox/ca/tempo.jpeg','https://dropbox/ca/Non a.jpeg'),(78,'Davis PLC','874 Leopoldo Ridges Suite 480\nEast Naomi, KY 30426-7975','ferry.rose@example.com','https://dropbox/ca/aliqu.jpeg','https://dropbox/ca/Dolor.jpeg'),(79,'Bashirian-Boehm','8933 Orpha Ports\nGreysonbury, DE 86520','prince.schinner@example.net','https://dropbox/ca/dolor.pdf','https://dropbox/ca/Maior.pdf'),(80,'Jenkins, Kutch and Maggio','87449 Reginald Crescent Suite 830\nAidenshire, MI 57559-9189','cassandre.hermiston@example.net','https://dropbox/ca/dolor.jpeg','https://dropbox/ca/Ut co.jpeg'),(81,'Jenkins Inc','5822 Goodwin Isle Apt. 621\nRosalindaborough, OR 75539','natalie.lind@example.net','https://dropbox/ca/nulla.jpeg','https://dropbox/ca/Non r.pdf'),(82,'Kris, Durgan and Hammes','75811 Hyatt Estates\nNew Alexzander, MT 98382-1689','delta.powlowski@example.org','https://dropbox/ca/perfe.pdf','https://dropbox/ca/Eos a.pdf'),(83,'Ritchie-Flatley','0787 Morton Ways\nGleichnerside, MT 86044-0656','reinger.neha@example.net','https://dropbox/ca/simil.jpeg','https://dropbox/ca/Volup.pdf'),(84,'Franecki, Bogisich and Murazik','80948 Shyann Trail\nLake Earnestmouth, AL 29729','rzieme@example.com','https://dropbox/ca/volup.jpeg','https://dropbox/ca/Quae .pdf'),(85,'Hyatt, Schoen and Robel','2418 Metz Harbors Suite 740\nWest Abagailburgh, ND 81705-9752','lorenza20@example.net','https://dropbox/ca/neces.pdf','https://dropbox/ca/Porro.jpeg'),(86,'Leffler-Brekke','581 West Course Suite 926\nSouth Christelletown, MS 37362','keeley.tromp@example.org','https://dropbox/ca/imped.jpeg','https://dropbox/ca/Illo .pdf'),(87,'Kilback, Hodkiewicz and Aufderhar','90547 Rosario Valley Apt. 555\nEast Trystanside, PA 37509-0382','wcummings@example.org','https://dropbox/ca/digni.jpeg','https://dropbox/ca/Volup.pdf'),(88,'Schaden, Collier and Sanford','284 Gleichner Point Apt. 153\nNew Michelleside, TX 14391-0477','ykerluke@example.net','https://dropbox/ca/perfe.pdf','https://dropbox/ca/Omnis.jpeg'),(89,'Torphy Inc','49617 Tremblay Lock Suite 286\nHirtheshire, ME 30106-5938','kulas.francisca@example.com','https://dropbox/ca/labor.pdf','https://dropbox/ca/A qui.pdf'),(90,'Pouros and Sons','345 Graham Cove Apt. 831\nPort Ambrose, NE 23424-7448','collins.aimee@example.net','https://dropbox/ca/nobis.jpeg','https://dropbox/ca/Optio.pdf'),(91,'Rosenbaum-Douglas','3572 Halvorson Drive\nCasperchester, LA 43172','samanta81@example.com','https://dropbox/ca/animi.jpeg','https://dropbox/ca/Quia .jpeg'),(92,'Gottlieb-Batz','40669 Oberbrunner Loaf\nNew Lemuelhaven, RI 64221-1916','mikel20@example.com','https://dropbox/ca/illo.pdf','https://dropbox/ca/Volup.pdf'),(93,'O\'Connell Ltd','9008 Israel Rapid\nNew Luzhaven, NM 52598-1626','gnader@example.net','https://dropbox/ca/volup.pdf','https://dropbox/ca/Eaque.jpeg'),(94,'Spencer-Quigley','4982 Haag Island\nThieltown, ME 87401-8192','ucruickshank@example.org','https://dropbox/ca/aut.jpeg','https://dropbox/ca/Omnis.jpeg'),(95,'Cruickshank, Hermann and Murray','722 Zoila Ferry Suite 573\nFrederiqueborough, KS 14368','lnienow@example.org','https://dropbox/ca/quos.pdf','https://dropbox/ca/Ex so.pdf'),(96,'Parker, Zboncak and Kshlerin','76137 Lionel Crossroad\nLake Sammie, CA 64255','casandra32@example.net','https://dropbox/ca/harum.jpeg','https://dropbox/ca/Magni.jpeg'),(97,'Little-Schoen','89967 Octavia Circle Suite 415\nCartwrightmouth, NH 93906','jenifer66@example.com','https://dropbox/ca/exerc.jpeg','https://dropbox/ca/Alias.jpeg'),(98,'Douglas Inc','93991 Ibrahim Court Suite 767\nEast Velmastad, ND 54094','orn.kyra@example.org','https://dropbox/ca/fugit.jpeg','https://dropbox/ca/Dolor.pdf'),(99,'Ratke, Jacobi and Lesch','1026 Robel Drive Apt. 233\nPort Martinaborough, MA 70610','olson.barton@example.com','https://dropbox/ca/quam.jpeg','https://dropbox/ca/Et ne.jpeg'),(100,'Mraz-Tremblay','2141 Ally Crescent\nNew Bette, SC 14638','remington05@example.com','https://dropbox/ca/velit.pdf','https://dropbox/ca/Ad ut.jpeg');
/*!40000 ALTER TABLE `college_profiles` ENABLE KEYS */;
UNLOCK TABLES;

--
-- Table structure for table `councelor_evaluations`
--

DROP TABLE IF EXISTS `councelor_evaluations`;
/*!40101 SET @saved_cs_client     = @@character_set_client */;
/*!50503 SET character_set_client = utf8mb4 */;
CREATE TABLE `councelor_evaluations` (
  `id` int unsigned NOT NULL AUTO_INCREMENT,
  `school_id` int unsigned NOT NULL,
  `student_id` bigint unsigned NOT NULL,
  `grades` text CHARACTER SET utf8 COLLATE utf8_unicode_ci,
  `evaluation` text CHARACTER SET utf8 COLLATE utf8_unicode_ci,
  PRIMARY KEY (`id`),
  KEY `counceler_evaluations_school_id_fk` (`school_id`),
  KEY `counceler_evaluations_student_id_fk` (`student_id`),
  CONSTRAINT `counceler_evaluations_school_id_fk` FOREIGN KEY (`school_id`) REFERENCES `school_profiles` (`id`) ON DELETE CASCADE,
  CONSTRAINT `counceler_evaluations_student_id_fk` FOREIGN KEY (`student_id`) REFERENCES `student_profiles` (`id`) ON DELETE CASCADE
) ENGINE=InnoDB AUTO_INCREMENT=101 DEFAULT CHARSET=utf8 COLLATE=utf8_unicode_ci;
/*!40101 SET character_set_client = @saved_cs_client */;

--
-- Dumping data for table `councelor_evaluations`
--

LOCK TABLES `councelor_evaluations` WRITE;
/*!40000 ALTER TABLE `councelor_evaluations` DISABLE KEYS */;
INSERT INTO `councelor_evaluations` VALUES (1,78,88,'https://dropbox/ca/zzij.pdf','https://dropbox/ca/odit.pdf'),(2,19,34,'https://dropbox/ca/ouju.pdf','https://dropbox/ca/voluptates.jpeg'),(3,49,68,'https://dropbox/ca/pjhv.jpeg','https://dropbox/ca/omnis.jpeg'),(4,37,54,'https://dropbox/ca/dswt.pdf','https://dropbox/ca/ea.pdf'),(5,59,2,'https://dropbox/ca/skts.jpeg','https://dropbox/ca/adipisci.jpeg'),(6,54,75,'https://dropbox/ca/pesd.jpeg','https://dropbox/ca/ut.pdf'),(7,11,37,'https://dropbox/ca/mcee.jpeg','https://dropbox/ca/consequatur.pdf'),(8,5,77,'https://dropbox/ca/pzht.pdf','https://dropbox/ca/et.pdf'),(9,60,91,'https://dropbox/ca/zmhw.pdf','https://dropbox/ca/id.jpeg'),(10,78,88,'https://dropbox/ca/sloh.jpeg','https://dropbox/ca/est.pdf'),(11,59,2,'https://dropbox/ca/jzec.jpeg','https://dropbox/ca/voluptatum.jpeg'),(12,11,37,'https://dropbox/ca/mvrd.jpeg','https://dropbox/ca/saepe.jpeg'),(13,90,49,'https://dropbox/ca/vtwi.pdf','https://dropbox/ca/odio.pdf'),(14,16,85,'https://dropbox/ca/zfsw.jpeg','https://dropbox/ca/dolorem.jpeg'),(15,58,73,'https://dropbox/ca/uazl.pdf','https://dropbox/ca/et.pdf'),(16,33,1,'https://dropbox/ca/mycz.pdf','https://dropbox/ca/accusantium.pdf'),(17,11,37,'https://dropbox/ca/ukhi.jpeg','https://dropbox/ca/provident.jpeg'),(18,59,2,'https://dropbox/ca/poab.jpeg','https://dropbox/ca/est.jpeg'),(19,3,92,'https://dropbox/ca/pcso.jpeg','https://dropbox/ca/consequatur.jpeg'),(20,43,78,'https://dropbox/ca/dbrw.jpeg','https://dropbox/ca/mollitia.jpeg'),(21,71,30,'https://dropbox/ca/suus.pdf','https://dropbox/ca/assumenda.jpeg'),(22,99,16,'https://dropbox/ca/etly.jpeg','https://dropbox/ca/voluptatem.pdf'),(23,41,44,'https://dropbox/ca/afvq.jpeg','https://dropbox/ca/praesentium.pdf'),(24,99,4,'https://dropbox/ca/hpov.jpeg','https://dropbox/ca/qui.jpeg'),(25,89,17,'https://dropbox/ca/zija.pdf','https://dropbox/ca/quia.jpeg'),(26,50,39,'https://dropbox/ca/rpck.jpeg','https://dropbox/ca/quae.jpeg'),(27,16,22,'https://dropbox/ca/lsmh.pdf','https://dropbox/ca/dolorem.pdf'),(28,98,79,'https://dropbox/ca/dvti.jpeg','https://dropbox/ca/voluptas.pdf'),(29,71,56,'https://dropbox/ca/gtjn.pdf','https://dropbox/ca/nemo.pdf'),(30,80,43,'https://dropbox/ca/rrlg.jpeg','https://dropbox/ca/aliquam.pdf'),(31,3,9,'https://dropbox/ca/zkvr.jpeg','https://dropbox/ca/iste.pdf'),(32,84,57,'https://dropbox/ca/ywsa.pdf','https://dropbox/ca/necessitatibus.pdf'),(33,66,33,'https://dropbox/ca/ytfg.jpeg','https://dropbox/ca/qui.jpeg'),(34,69,15,'https://dropbox/ca/zoxy.pdf','https://dropbox/ca/consequuntur.pdf'),(35,56,11,'https://dropbox/ca/bdzk.pdf','https://dropbox/ca/est.jpeg'),(36,60,91,'https://dropbox/ca/ylfb.pdf','https://dropbox/ca/suscipit.jpeg'),(37,80,43,'https://dropbox/ca/lwic.pdf','https://dropbox/ca/quo.pdf'),(38,16,85,'https://dropbox/ca/nelk.jpeg','https://dropbox/ca/recusandae.pdf'),(39,25,13,'https://dropbox/ca/waqq.pdf','https://dropbox/ca/perspiciatis.pdf'),(40,83,31,'https://dropbox/ca/jqod.pdf','https://dropbox/ca/modi.pdf'),(41,5,77,'https://dropbox/ca/cttx.pdf','https://dropbox/ca/illum.pdf'),(42,45,63,'https://dropbox/ca/lkzx.jpeg','https://dropbox/ca/placeat.jpeg'),(43,19,36,'https://dropbox/ca/vvii.jpeg','https://dropbox/ca/enim.jpeg'),(44,64,45,'https://dropbox/ca/daak.jpeg','https://dropbox/ca/laboriosam.pdf'),(45,37,54,'https://dropbox/ca/ksfn.jpeg','https://dropbox/ca/aliquam.pdf'),(46,69,99,'https://dropbox/ca/gwka.pdf','https://dropbox/ca/laudantium.jpeg'),(47,17,69,'https://dropbox/ca/xoet.jpeg','https://dropbox/ca/et.jpeg'),(48,59,25,'https://dropbox/ca/tftj.jpeg','https://dropbox/ca/totam.pdf'),(49,49,14,'https://dropbox/ca/iddy.jpeg','https://dropbox/ca/eos.pdf'),(50,19,34,'https://dropbox/ca/afcu.jpeg','https://dropbox/ca/ut.pdf'),(51,8,5,'https://dropbox/ca/fbao.jpeg','https://dropbox/ca/facilis.jpeg'),(52,64,45,'https://dropbox/ca/mfvi.jpeg','https://dropbox/ca/asperiores.pdf'),(53,64,45,'https://dropbox/ca/wofi.pdf','https://dropbox/ca/nobis.pdf'),(54,3,92,'https://dropbox/ca/iqnz.pdf','https://dropbox/ca/et.jpeg'),(55,83,31,'https://dropbox/ca/jyxh.jpeg','https://dropbox/ca/nam.jpeg'),(56,73,84,'https://dropbox/ca/lbqn.jpeg','https://dropbox/ca/qui.jpeg'),(57,99,16,'https://dropbox/ca/dvog.jpeg','https://dropbox/ca/voluptates.pdf'),(58,89,17,'https://dropbox/ca/dlut.jpeg','https://dropbox/ca/sint.jpeg'),(59,43,78,'https://dropbox/ca/gfib.jpeg','https://dropbox/ca/perferendis.pdf'),(60,57,19,'https://dropbox/ca/hswe.jpeg','https://dropbox/ca/et.pdf'),(61,45,63,'https://dropbox/ca/rpin.pdf','https://dropbox/ca/fugit.pdf'),(62,19,36,'https://dropbox/ca/skzn.pdf','https://dropbox/ca/porro.jpeg'),(63,24,29,'https://dropbox/ca/kgif.jpeg','https://dropbox/ca/voluptates.pdf'),(64,9,53,'https://dropbox/ca/sayt.jpeg','https://dropbox/ca/perferendis.pdf'),(65,84,57,'https://dropbox/ca/rqlg.pdf','https://dropbox/ca/nihil.pdf'),(66,75,67,'https://dropbox/ca/yovz.pdf','https://dropbox/ca/recusandae.jpeg'),(67,83,26,'https://dropbox/ca/uohe.jpeg','https://dropbox/ca/tenetur.pdf'),(68,88,7,'https://dropbox/ca/wqil.pdf','https://dropbox/ca/ea.jpeg'),(69,93,59,'https://dropbox/ca/lbcr.jpeg','https://dropbox/ca/voluptas.jpeg'),(70,35,62,'https://dropbox/ca/ibtu.jpeg','https://dropbox/ca/eaque.jpeg'),(71,95,3,'https://dropbox/ca/tejj.jpeg','https://dropbox/ca/aut.pdf'),(72,73,21,'https://dropbox/ca/wkms.pdf','https://dropbox/ca/fugiat.pdf'),(73,35,62,'https://dropbox/ca/jptn.pdf','https://dropbox/ca/quas.jpeg'),(74,58,40,'https://dropbox/ca/cttd.pdf','https://dropbox/ca/perspiciatis.jpeg'),(75,56,55,'https://dropbox/ca/bhmm.jpeg','https://dropbox/ca/veniam.jpeg'),(76,56,11,'https://dropbox/ca/ywya.jpeg','https://dropbox/ca/sapiente.pdf'),(77,69,15,'https://dropbox/ca/mzdc.pdf','https://dropbox/ca/beatae.jpeg'),(78,97,38,'https://dropbox/ca/dlcp.jpeg','https://dropbox/ca/temporibus.pdf'),(79,49,20,'https://dropbox/ca/nhlz.pdf','https://dropbox/ca/sed.pdf'),(80,49,68,'https://dropbox/ca/kgka.jpeg','https://dropbox/ca/alias.pdf'),(81,54,75,'https://dropbox/ca/cbfr.pdf','https://dropbox/ca/blanditiis.jpeg'),(82,37,54,'https://dropbox/ca/qryo.jpeg','https://dropbox/ca/quis.jpeg'),(83,73,84,'https://dropbox/ca/wkrl.jpeg','https://dropbox/ca/autem.pdf'),(84,49,68,'https://dropbox/ca/jygp.jpeg','https://dropbox/ca/alias.jpeg'),(85,49,83,'https://dropbox/ca/hsmg.jpeg','https://dropbox/ca/vel.jpeg'),(86,49,83,'https://dropbox/ca/yqok.pdf','https://dropbox/ca/earum.jpeg'),(87,97,38,'https://dropbox/ca/qdda.pdf','https://dropbox/ca/cum.jpeg'),(88,48,71,'https://dropbox/ca/zhtk.pdf','https://dropbox/ca/quas.pdf'),(89,56,11,'https://dropbox/ca/nofb.jpeg','https://dropbox/ca/consequatur.jpeg'),(90,16,22,'https://dropbox/ca/burf.jpeg','https://dropbox/ca/assumenda.pdf'),(91,73,21,'https://dropbox/ca/rqca.jpeg','https://dropbox/ca/atque.pdf'),(92,83,96,'https://dropbox/ca/cuhy.pdf','https://dropbox/ca/quisquam.pdf'),(93,35,93,'https://dropbox/ca/zmix.jpeg','https://dropbox/ca/eius.pdf'),(94,69,97,'https://dropbox/ca/apqe.jpeg','https://dropbox/ca/consequatur.pdf'),(95,12,51,'https://dropbox/ca/tlwp.pdf','https://dropbox/ca/sunt.jpeg'),(96,66,33,'https://dropbox/ca/bijv.jpeg','https://dropbox/ca/doloribus.pdf'),(97,19,34,'https://dropbox/ca/okhp.pdf','https://dropbox/ca/perferendis.jpeg'),(98,99,4,'https://dropbox/ca/vgxo.pdf','https://dropbox/ca/accusantium.jpeg'),(99,71,30,'https://dropbox/ca/rkua.pdf','https://dropbox/ca/aut.pdf'),(100,43,78,'https://dropbox/ca/qtqn.pdf','https://dropbox/ca/repellat.pdf');
/*!40000 ALTER TABLE `councelor_evaluations` ENABLE KEYS */;
UNLOCK TABLES;

--
-- Table structure for table `sat_subjects`
--

DROP TABLE IF EXISTS `sat_subjects`;
/*!40101 SET @saved_cs_client     = @@character_set_client */;
/*!50503 SET character_set_client = utf8mb4 */;
CREATE TABLE `sat_subjects` (
  `id` smallint unsigned NOT NULL AUTO_INCREMENT,
  `name` varchar(30) NOT NULL,
  PRIMARY KEY (`id`),
  UNIQUE KEY `name` (`name`)
) ENGINE=InnoDB AUTO_INCREMENT=10 DEFAULT CHARSET=utf8mb4 COLLATE=utf8mb4_0900_ai_ci;
/*!40101 SET character_set_client = @saved_cs_client */;

--
-- Dumping data for table `sat_subjects`
--

LOCK TABLES `sat_subjects` WRITE;
/*!40000 ALTER TABLE `sat_subjects` DISABLE KEYS */;
INSERT INTO `sat_subjects` VALUES (5,'biology1'),(6,'biology2'),(4,'chemistry'),(7,'english_language'),(9,'history'),(8,'literature'),(1,'math1'),(2,'math2'),(3,'physics');
/*!40000 ALTER TABLE `sat_subjects` ENABLE KEYS */;
UNLOCK TABLES;

--
-- Table structure for table `school_profiles`
--

DROP TABLE IF EXISTS `school_profiles`;
/*!40101 SET @saved_cs_client     = @@character_set_client */;
/*!50503 SET character_set_client = utf8mb4 */;
CREATE TABLE `school_profiles` (
  `id` int unsigned NOT NULL AUTO_INCREMENT,
  `name` varchar(100) CHARACTER SET utf8 COLLATE utf8_unicode_ci NOT NULL,
  `address` varchar(255) CHARACTER SET utf8 COLLATE utf8_unicode_ci DEFAULT NULL,
  `school_councelor_name` varchar(100) CHARACTER SET utf8 COLLATE utf8_unicode_ci NOT NULL,
  `school_info` text CHARACTER SET utf8 COLLATE utf8_unicode_ci,
  PRIMARY KEY (`id`),
  UNIQUE KEY `school_profiles_name_idx` (`name`)
) ENGINE=InnoDB AUTO_INCREMENT=101 DEFAULT CHARSET=utf8 COLLATE=utf8_unicode_ci;
/*!40101 SET character_set_client = @saved_cs_client */;

--
-- Dumping data for table `school_profiles`
--

LOCK TABLES `school_profiles` WRITE;
/*!40000 ALTER TABLE `school_profiles` DISABLE KEYS */;
INSERT INTO `school_profiles` VALUES (1,'Jones, Bartoletti and Predovic','05014 Mario Mountains Suite 743\nWest Shemarhaven, SD 04780-8083','Ashley Schaefer','https://dropbox/ca/xfck.jpeg'),(2,'Stamm, Bernier and Lockman','0122 O\'Connell Pike\nNorth Dahliaton, MT 47260-9200','Gardner Reichert','https://dropbox/ca/ejyf.pdf'),(3,'Yundt Ltd','3951 Nedra Way Suite 490\nLake Donald, OK 18278','Prof. Tanya Yost II','https://dropbox/ca/pyez.pdf'),(4,'Wehner and Sons','47038 Nolan Mission\nBergnaumborough, TX 22923','Elna Cassin IV','https://dropbox/ca/ohwn.jpeg'),(5,'Wilkinson, Green and Hermiston','69012 Miracle Shoals\nEast Boris, MO 82205-4462','Mr. Wayne Deckow','https://dropbox/ca/dxjk.pdf'),(6,'Yost Inc','6915 Howe Flats\nNew Domenica, WY 24272','Sabryna Schinner','https://dropbox/ca/slkp.pdf'),(7,'Ernser-Leannon','043 Auer Park\nClaudfurt, MT 88701-8012','Tina Morar','https://dropbox/ca/fptl.pdf'),(8,'Goyette Group','517 Hanna Locks Suite 486\nTamiafurt, MA 50850','Derrick Wiegand','https://dropbox/ca/slun.jpeg'),(9,'Grant PLC','5668 Jovan Course Apt. 598\nBrakusbury, NE 68023','Gonzalo Ankunding','https://dropbox/ca/fcjq.pdf'),(10,'Fadel-Casper','37698 Abbigail Plain Suite 045\nVincenzoside, OK 69897-7855','Samson Pfannerstill','https://dropbox/ca/xhur.jpeg'),(11,'Herman-Bahringer','213 Tremblay Ranch\nTurcottefort, LA 03388-6734','Dave Boyle','https://dropbox/ca/yusv.pdf'),(12,'Romaguera Group','223 Marcelina Branch Apt. 932\nKimland, ND 49849','Dell Shields','https://dropbox/ca/uogv.pdf'),(13,'Beer and Sons','356 Jocelyn Curve Suite 032\nLouveniabury, NY 68635','Diana Johnston','https://dropbox/ca/glov.pdf'),(14,'Kassulke-Emard','3147 Casper Shoals\nNorth Abdullah, WV 34443','Shanny Gibson','https://dropbox/ca/feit.pdf'),(15,'Conroy-Graham','51424 Gibson Tunnel\nEast Gloria, ID 25106-1420','Maximo Corwin','https://dropbox/ca/nsek.jpeg'),(16,'Will Group','78642 Spinka Views Apt. 696\nPort Preston, OR 25188','Titus Cummings','https://dropbox/ca/inpk.jpeg'),(17,'O\'Conner, Walsh and Legros','4961 O\'Kon Rest\nD\'Amoreborough, MS 00947','Mr. Ramon Dicki III','https://dropbox/ca/bpyc.pdf'),(18,'Ullrich and Sons','42303 Goodwin Cliffs Apt. 402\nNew Miloberg, IL 23475-8876','Adrain McClure','https://dropbox/ca/biva.jpeg'),(19,'Pollich-Sanford','44948 Jacynthe Highway\nEast Moriah, SD 53683','Joan Kohler','https://dropbox/ca/kwtf.jpeg'),(20,'Tremblay-O\'Hara','459 Sydni Stravenue\nNorth Ferminborough, KY 33352-5695','Vernie Mante III','https://dropbox/ca/azpd.jpeg'),(21,'Greenfelder-Kozey','5259 Donnie Road Apt. 856\nEast Coystad, AR 03754','Prof. Pete Crooks Sr.','https://dropbox/ca/ureb.pdf'),(22,'Schamberger PLC','0708 Elna Tunnel Apt. 527\nSouth Rowan, IN 69568','Miss Christy Stark','https://dropbox/ca/bwbh.pdf'),(23,'Quitzon, Gottlieb and Lehner','762 Skyla Trail Apt. 268\nVonstad, FL 36325-5425','Jude Abshire','https://dropbox/ca/onqq.pdf'),(24,'Waelchi-Monahan','161 Watson Drive Suite 268\nEmmahaven, NC 50450','Troy Little','https://dropbox/ca/jcym.jpeg'),(25,'Ward-Hansen','26291 Jast Pike\nPrestonville, MA 87159-9735','Ms. Martina Rowe','https://dropbox/ca/nwhw.pdf'),(26,'Hoppe-Kulas','60012 Stephania Pines Apt. 161\nNew Treverstad, MI 19521','Dr. Scot Thiel','https://dropbox/ca/xwpk.pdf'),(27,'Schroeder Inc','57240 Smitham Views\nSouth Justus, PA 79440','Darrell Berge','https://dropbox/ca/fhpj.jpeg'),(28,'Mraz PLC','9040 Cummings Station\nGarretstad, WV 83127-0139','Mazie Funk','https://dropbox/ca/jymz.jpeg'),(29,'Schmitt-Ortiz','1530 Bechtelar Vista\nWest Benedictside, WI 21151','Nathan Schumm','https://dropbox/ca/naay.pdf'),(30,'Cassin Ltd','522 Wilkinson View Apt. 137\nNorth Ashleyberg, VT 34495','Bridgette Maggio','https://dropbox/ca/vzlb.jpeg'),(31,'Wiegand and Sons','1472 Ullrich Skyway\nLake Winfield, LA 41682','Myriam Bergnaum','https://dropbox/ca/tayk.pdf'),(32,'Kuhic-Balistreri','1305 Kuphal Ford\nHalvorsontown, TX 92878','Joel Reynolds','https://dropbox/ca/bhik.jpeg'),(33,'Bashirian-Bins','1445 Kshlerin Passage\nEast Eudorabury, NE 80387-7505','Malika Kilback','https://dropbox/ca/jenr.jpeg'),(34,'Stehr PLC','393 Omer Centers\nNew Hassiemouth, CA 42369','Agnes Okuneva','https://dropbox/ca/rlnd.jpeg'),(35,'Tillman-Schinner','52903 Clotilde Ramp\nLake Eulah, NJ 01789','Kathryn Satterfield','https://dropbox/ca/toru.jpeg'),(36,'Botsford-Goldner','6985 Maggie Locks\nWardbury, UT 66217','Kory Sporer','https://dropbox/ca/ciwm.jpeg'),(37,'Hettinger-Waelchi','086 Lebsack Courts Apt. 386\nCordiabury, AR 38444','Dr. Finn Feeney III','https://dropbox/ca/xzqa.pdf'),(38,'Tromp PLC','78224 Helene Roads Suite 285\nLake Larissaside, ND 48011','Shayna Smith','https://dropbox/ca/avsc.pdf'),(39,'Bode Group','9613 Catalina Dam Apt. 512\nNew Evansberg, AL 15148','Lucie Yundt','https://dropbox/ca/gwnz.jpeg'),(40,'Towne Ltd','4807 Frederick Forks\nJocelynstad, NV 57949-5058','Vallie Wiza','https://dropbox/ca/etxm.pdf'),(41,'Lakin-Hyatt','1922 Nikolaus Forges Suite 432\nMertiestad, MN 89714-4877','Brenna Yost','https://dropbox/ca/hziw.pdf'),(42,'Abernathy, Larson and McLaughlin','396 Wiley Valley\nSouth Alexzanderberg, NM 02519-5423','Jude Boehm DVM','https://dropbox/ca/puup.pdf'),(43,'Corwin and Sons','277 Luigi Stream\nHansenport, SD 33845','Gilberto Ratke V','https://dropbox/ca/pici.pdf'),(44,'Murray, Hammes and Hintz','884 Eleonore Ridge\nToyton, AZ 22013-4915','Dr. Melany Bartoletti','https://dropbox/ca/nuee.jpeg'),(45,'Watsica PLC','3881 Torp Creek\nWest Sibyl, ND 69194','Dr. Gay Yost Sr.','https://dropbox/ca/yblh.jpeg'),(46,'Muller and Sons','7090 Emard Corner Suite 268\nGretaville, LA 02915-4563','Sierra Haag','https://dropbox/ca/vvzb.pdf'),(47,'Moen Ltd','595 Rachael Plains\nNew Maryjane, PA 00521','Prof. Hollis Beier','https://dropbox/ca/xhwn.pdf'),(48,'Barrows Ltd','133 Grady Rapids Apt. 256\nSinceremouth, ID 56135','Gabrielle Abshire','https://dropbox/ca/peuo.jpeg'),(49,'Price, Weimann and Bartoletti','11002 Kiehn Divide\nLake Siennafort, NM 18768-1282','Dr. Kadin Schneider II','https://dropbox/ca/qxjd.jpeg'),(50,'Herman and Sons','0718 Grant Locks\nNorth Elvis, NH 74383','Liam Kuhn','https://dropbox/ca/lwpw.jpeg'),(51,'McCullough-Beatty','392 Pfeffer Plaza\nEast Emmaleebury, NE 13995','Miss Myrtice Wolff','https://dropbox/ca/exrs.pdf'),(52,'Barrows-Bernhard','1754 Leta Rapid Suite 668\nLake Lelahbury, MS 48824-5213','Kole Hagenes','https://dropbox/ca/ajlj.pdf'),(53,'Orn-Weimann','8104 Abernathy Circles Apt. 810\nSouth Mireya, MN 13130','Harvey Denesik Sr.','https://dropbox/ca/oxrc.jpeg'),(54,'Greenfelder, Predovic and Kerluke','3755 Torp Land Apt. 405\nLake Sigrid, CO 72216-2577','Solon Corwin','https://dropbox/ca/uihm.jpeg'),(55,'Zieme PLC','217 Carolyn Shoal\nElseshire, MI 87253-6857','Prof. Unique Hickle PhD','https://dropbox/ca/ycip.pdf'),(56,'Tremblay, Wintheiser and Lubowitz','021 Dooley Rapid Suite 448\nDarrenhaven, CO 95461-9399','Edd Grimes MD','https://dropbox/ca/hrjp.pdf'),(57,'Lockman Inc','329 Lyla Squares Apt. 880\nPort Wardtown, IA 12535','Jensen Barrows','https://dropbox/ca/qetg.jpeg'),(58,'Walker, Corwin and Rice','7142 Hammes Circle\nMedhurstport, NE 53782-1345','Astrid Hodkiewicz','https://dropbox/ca/ffav.pdf'),(59,'Lockman PLC','89388 Waelchi Lights Suite 864\nThompsonburgh, IA 73420-1389','Gilda Stark II','https://dropbox/ca/lbie.jpeg'),(60,'Gulgowski-Hilll','6930 Brown Vista Apt. 428\nSouth Antonio, NE 33998-9204','Maria Braun DDS','https://dropbox/ca/euwz.jpeg'),(61,'Maggio-Eichmann','143 Bianka Views Suite 867\nEast Gloria, NM 32183','Durward Kiehn','https://dropbox/ca/xaiy.jpeg'),(62,'Bailey LLC','58787 Watson Parkways\nLake Janiyaville, CO 51926','Cordelia Torphy','https://dropbox/ca/macq.pdf'),(63,'Lemke-Gusikowski','635 Armando Causeway\nLake Kameron, TN 27496-5275','Fanny Luettgen DDS','https://dropbox/ca/acuh.jpeg'),(64,'Brekke, Jacobs and Fisher','73708 Kailyn Via Suite 240\nTorreyberg, LA 09268','Ms. Karine Russel I','https://dropbox/ca/avsj.jpeg'),(65,'Skiles-Kohler','38700 Aleen Mountain\nBoylemouth, OK 49904','Jonas Swaniawski','https://dropbox/ca/nvck.pdf'),(66,'Rowe PLC','39874 Kuphal Knoll\nNorth Nicolasfurt, ID 87410-3169','Katarina Berge','https://dropbox/ca/frdd.pdf'),(67,'Bernhard and Sons','391 Reichel Isle Suite 240\nWest Ariane, MA 91102-6203','Daphnee Klocko','https://dropbox/ca/sroh.jpeg'),(68,'Bednar Ltd','9384 Quentin Circles\nWest Daronbury, NY 54296','Jesse Orn','https://dropbox/ca/cuxv.pdf'),(69,'Gutkowski, Murray and Kutch','87968 Lemke Rest Suite 551\nAlfredmouth, AK 05849-5268','Kaleb Jast','https://dropbox/ca/soxt.jpeg'),(70,'Runolfsson, Borer and Skiles','56213 Julia Oval\nHeathcoteport, HI 37732-2965','Christina Bartell I','https://dropbox/ca/njei.pdf'),(71,'Lowe Inc','865 Queen Summit Apt. 011\nAnnabelleshire, DE 60669','Ashley Nikolaus','https://dropbox/ca/aowp.pdf'),(72,'Grant, McCullough and Kohler','2358 Princess Spring\nPort Rhoda, AR 19115-1391','Reginald Mayert','https://dropbox/ca/huqi.jpeg'),(73,'Terry Group','288 Labadie Lake\nKaelaton, KY 19852','Mr. Alek Corwin','https://dropbox/ca/ircb.pdf'),(74,'Von, Schuster and Erdman','0861 Dominic Run Suite 813\nEast Felicitachester, NC 11184','Abdul Dibbert','https://dropbox/ca/snxo.jpeg'),(75,'Feil, Roob and Kassulke','143 Aron Plains\nPort Malvina, AK 79723-2021','Toni Gutkowski','https://dropbox/ca/uodk.jpeg'),(76,'Goyette, Kassulke and Cummings','438 Cayla Station Apt. 507\nBaumbachhaven, MS 72954','Raymond Jakubowski','https://dropbox/ca/ebgc.jpeg'),(77,'Mohr Ltd','06216 Waelchi Centers\nWest Lola, OK 96180','Deshawn Treutel','https://dropbox/ca/zyri.jpeg'),(78,'Hermann, Corwin and Ernser','806 Jaunita Path Apt. 613\nMargretbury, CO 11504','Dr. Magdalen Abshire','https://dropbox/ca/jene.jpeg'),(79,'Eichmann-Jenkins','609 Baumbach Mountains\nNew Lexiport, NJ 86348-7537','Dangelo Kertzmann','https://dropbox/ca/yooy.jpeg'),(80,'DuBuque LLC','253 Padberg Lock Apt. 798\nLubowitzburgh, DE 70857','Margarita Price','https://dropbox/ca/pxxv.jpeg'),(81,'Wisoky, Collier and Sporer','80129 Adrienne Viaduct\nKayleymouth, WA 11556','Assunta Herzog','https://dropbox/ca/bwxh.pdf'),(82,'Lebsack LLC','555 Joelle Parkway\nNorth Leonorport, FL 35298','Dr. Jace Abernathy II','https://dropbox/ca/fsno.jpeg'),(83,'Jakubowski-Quigley','616 Jose Glen\nFriedastad, NM 99644','Bella Schoen','https://dropbox/ca/jtwc.jpeg'),(84,'Schiller, Walter and Ratke','2530 Constantin Crest\nNew Dillonton, CT 26209-7821','Blanche Mills DVM','https://dropbox/ca/prtk.jpeg'),(85,'Hickle, Strosin and Nicolas','835 Gaylord Trace Suite 962\nNew Stella, VT 95349-3905','Alba Heaney','https://dropbox/ca/wsab.jpeg'),(86,'Ratke PLC','7714 Ortiz Ferry\nLake Brandonmouth, ME 22805-3077','Elna Ernser Sr.','https://dropbox/ca/dlsc.pdf'),(87,'Wehner, Fahey and Corkery','1645 Koelpin Drive Apt. 578\nNorth Walkerberg, NM 04204-7524','Ethyl Herzog','https://dropbox/ca/nvhe.pdf'),(88,'Hermiston-Lebsack','27655 Hudson Dale Suite 789\nWaelchiview, OR 00487','Mack Green Jr.','https://dropbox/ca/gcqa.pdf'),(89,'Schroeder-Deckow','1309 Stephen Pines Apt. 196\nNew Morganborough, KS 23325','Dr. Devin Marvin','https://dropbox/ca/pqqz.jpeg'),(90,'Mante-Christiansen','75876 Andreane Circles Suite 157\nKoeppton, SD 47910','Nash Macejkovic','https://dropbox/ca/jxor.pdf'),(91,'Hermann Inc','70077 Wuckert Locks Apt. 416\nFeilland, MS 45594','Judge Rolfson','https://dropbox/ca/fnzt.jpeg'),(92,'Lueilwitz-Quigley','915 Pamela Fall\nSouth Floyd, WY 72115-7657','Lucious Fahey','https://dropbox/ca/ocxt.pdf'),(93,'Marquardt and Sons','97232 Walker Meadow\nPort Krystal, VA 43600','Kobe Koepp','https://dropbox/ca/rilh.jpeg'),(94,'Kihn-Kunde','0365 Joshua Fork\nNorth Erlingburgh, AK 86754-5713','Mr. Antone Cummerata','https://dropbox/ca/pgiy.jpeg'),(95,'Funk Group','4954 Upton Loaf Apt. 664\nMercedesborough, WY 90005-7469','Dr. Kristian Reilly','https://dropbox/ca/hbga.pdf'),(96,'Greenholt-Stiedemann','9632 Fritsch Underpass\nNorth Helmermouth, MD 33916-1441','Noelia Bergnaum','https://dropbox/ca/bdko.pdf'),(97,'Herzog-Prosacco','8525 Oda Way Apt. 373\nSouth Carlie, ID 47475','Miss Jewell Skiles MD','https://dropbox/ca/yvvu.pdf'),(98,'Dietrich PLC','6726 Uriel Pike\nOrnport, NM 34106-5511','Bettie Blanda','https://dropbox/ca/rdvu.pdf'),(99,'Murphy-Wehner','70273 Veum Vista Suite 258\nEast Ernest, SC 66131-7264','Ms. Kaylie Harber','https://dropbox/ca/zqsy.jpeg'),(100,'Jacobi PLC','6789 Jadyn Island Suite 397\nPort Antwanport, AZ 98294-4342','Mr. Marley Gorczany DVM','https://dropbox/ca/peby.pdf');
/*!40000 ALTER TABLE `school_profiles` ENABLE KEYS */;
UNLOCK TABLES;

--
-- Table structure for table `student_courses`
--

DROP TABLE IF EXISTS `student_courses`;
/*!40101 SET @saved_cs_client     = @@character_set_client */;
/*!50503 SET character_set_client = utf8mb4 */;
CREATE TABLE `student_courses` (
  `adv_courses_id` tinyint unsigned NOT NULL,
  `course_level_id` tinyint unsigned NOT NULL,
  `student_id` bigint unsigned NOT NULL,
  PRIMARY KEY (`adv_courses_id`,`course_level_id`,`student_id`),
  KEY `student_courses_course_level_id_fk` (`course_level_id`),
  KEY `student_student_id_fk` (`student_id`),
  CONSTRAINT `student_courses_adv_courses_id_fk` FOREIGN KEY (`adv_courses_id`) REFERENCES `advanced_courses` (`id`) ON DELETE RESTRICT,
  CONSTRAINT `student_courses_course_level_id_fk` FOREIGN KEY (`course_level_id`) REFERENCES `adv_course_levels` (`id`) ON DELETE RESTRICT,
  CONSTRAINT `student_student_id_fk` FOREIGN KEY (`student_id`) REFERENCES `student_profiles` (`id`) ON DELETE CASCADE
) ENGINE=InnoDB DEFAULT CHARSET=utf8 COLLATE=utf8_unicode_ci;
/*!40101 SET character_set_client = @saved_cs_client */;

--
-- Dumping data for table `student_courses`
--

LOCK TABLES `student_courses` WRITE;
/*!40000 ALTER TABLE `student_courses` DISABLE KEYS */;
INSERT INTO `student_courses` VALUES (1,1,2),(1,1,30),(1,1,42),(1,1,64),(1,1,69),(1,1,91),(1,1,98),(2,1,8),(2,1,30),(2,1,47),(2,1,68),(2,1,75),(2,1,81),(2,1,90),(2,1,92),(2,1,93),(3,1,13),(3,1,16),(3,1,23),(3,1,53),(3,1,68),(3,1,84),(4,1,4),(4,1,6),(4,1,19),(4,1,22),(4,1,64),(4,1,74),(4,1,79),(4,1,90),(5,1,9),(5,1,31),(5,1,35),(5,1,62),(5,1,69),(5,1,82),(5,1,89),(5,1,90),(5,1,91),(5,1,99),(6,1,2),(6,1,21),(6,1,24),(6,1,44),(6,1,54),(6,1,72),(6,1,76),(6,1,78),(6,1,90),(6,1,91),(7,1,6),(7,1,13),(7,1,16),(7,1,19),(7,1,31),(7,1,32),(7,1,59),(7,1,62),(7,1,70),(7,1,76),(7,1,90),(7,1,93),(7,1,97),(7,1,100),(8,1,13),(8,1,15),(8,1,17),(8,1,21),(8,1,29),(8,1,34),(8,1,41),(8,1,45),(8,1,46),(8,1,63),(8,1,80),(8,1,84),(8,1,86),(8,1,92),(8,1,93),(9,1,14),(9,1,23),(9,1,29),(9,1,46),(9,1,58),(9,1,80),(10,1,20),(10,1,34),(10,1,35),(10,1,36),(10,1,43),(10,1,51),(10,1,63),(10,1,68),(10,1,69),(10,1,83),(10,1,91),(1,2,2),(1,2,17),(1,2,27),(1,2,29),(1,2,39),(1,2,41),(1,2,51),(1,2,53),(1,2,66),(1,2,73),(1,2,81),(1,2,82),(2,2,55),(2,2,57),(2,2,58),(2,2,60),(2,2,61),(2,2,66),(2,2,72),(2,2,76),(3,2,15),(3,2,39),(3,2,44),(3,2,57),(3,2,62),(3,2,69),(3,2,73),(3,2,84),(3,2,89),(3,2,92),(4,2,6),(4,2,16),(4,2,23),(4,2,25),(4,2,41),(4,2,56),(4,2,73),(4,2,75),(4,2,76),(4,2,87),(4,2,91),(4,2,95),(5,2,25),(5,2,35),(5,2,37),(5,2,58),(5,2,60),(5,2,69),(5,2,70),(5,2,74),(6,2,2),(6,2,16),(6,2,37),(6,2,50),(6,2,54),(6,2,66),(6,2,67),(6,2,72),(6,2,85),(6,2,95),(6,2,96),(7,2,3),(7,2,25),(7,2,28),(7,2,30),(7,2,34),(7,2,51),(7,2,54),(8,2,3),(8,2,4),(8,2,61),(8,2,92),(8,2,96),(9,2,15),(9,2,17),(9,2,19),(9,2,35),(9,2,37),(9,2,43),(9,2,49),(9,2,60),(9,2,86),(9,2,90),(10,2,10),(10,2,16),(10,2,20),(10,2,21),(10,2,25),(10,2,29),(10,2,34),(10,2,47),(10,2,52),(10,2,56),(10,2,66),(10,2,71),(10,2,72),(10,2,73),(10,2,87);
/*!40000 ALTER TABLE `student_courses` ENABLE KEYS */;
UNLOCK TABLES;

--
-- Table structure for table `student_profiles`
--

DROP TABLE IF EXISTS `student_profiles`;
/*!40101 SET @saved_cs_client     = @@character_set_client */;
/*!50503 SET character_set_client = utf8mb4 */;
CREATE TABLE `student_profiles` (
  `id` bigint unsigned NOT NULL AUTO_INCREMENT,
  `first_name` varchar(100) CHARACTER SET utf8 COLLATE utf8_unicode_ci NOT NULL,
  `last_name` varchar(100) CHARACTER SET utf8 COLLATE utf8_unicode_ci NOT NULL,
  `sex` enum('m','w') COLLATE utf8_unicode_ci NOT NULL,
  `birthday` date NOT NULL,
  `citizenship` varchar(130) CHARACTER SET utf8 COLLATE utf8_unicode_ci NOT NULL,
  `address` varchar(255) CHARACTER SET utf8 COLLATE utf8_unicode_ci NOT NULL,
  `email` varchar(100) CHARACTER SET utf8 COLLATE utf8_unicode_ci NOT NULL,
  `school_id` int unsigned NOT NULL,
  `created_at` datetime DEFAULT CURRENT_TIMESTAMP,
  `updated_at` datetime DEFAULT CURRENT_TIMESTAMP ON UPDATE CURRENT_TIMESTAMP,
  PRIMARY KEY (`id`),
  UNIQUE KEY `email` (`email`),
  UNIQUE KEY `students_profile_email_idx` (`email`),
  KEY `students_profile_school_id_fk` (`school_id`),
  KEY `students_profile_birthday_idx` (`birthday`),
  KEY `students_profile_first_name_idx` (`first_name`),
  KEY `students_profile_last_name_idx` (`last_name`),
  CONSTRAINT `students_profile_school_id_fk` FOREIGN KEY (`school_id`) REFERENCES `school_profiles` (`id`) ON DELETE RESTRICT
) ENGINE=InnoDB AUTO_INCREMENT=101 DEFAULT CHARSET=utf8 COLLATE=utf8_unicode_ci;
/*!40101 SET character_set_client = @saved_cs_client */;

--
-- Dumping data for table `student_profiles`
--

LOCK TABLES `student_profiles` WRITE;
/*!40000 ALTER TABLE `student_profiles` DISABLE KEYS */;
INSERT INTO `student_profiles` VALUES (1,'Stacy','Harvey','w','1981-05-13','vxlc','167 Alyce Turnpike Apt. 960\nDahliaberg, FL 35984-4829','tremblay.cindy@example.com',33,'2011-10-24 19:26:08','2020-06-09 18:52:15'),(2,'Christop','Marquardt','w','1972-02-27','rvlx','681 Reilly Ridges\nLake Kylebury, MI 34367','alexa62@example.net',59,'2014-11-21 18:15:40','2020-06-09 18:52:15'),(3,'Emanuel','Feest','m','1991-12-18','jgaz','06181 Gaylord Center\nArianeborough, DC 92312','amber.walsh@example.net',95,'2017-01-22 23:03:59','2020-06-09 18:52:15'),(4,'Kendra','Mayert','m','1976-04-10','pexs','651 Clarabelle Garden Apt. 958\nEast Jayson, LA 76602-9886','sweber@example.net',99,'2019-05-21 21:47:01','2020-06-09 18:52:15'),(5,'Jose','Von','m','1993-02-28','zomv','869 Leffler Cape Suite 593\nMichaleview, CO 50843','brett03@example.net',8,'2010-11-01 20:18:19','2020-06-09 18:52:15'),(6,'Johanna','Mueller','m','1993-06-06','zuju','4674 Ritchie Dale Suite 897\nLandenville, VA 24488-2501','jessy71@example.com',43,'2014-07-24 09:32:49','2020-06-09 18:52:15'),(7,'Ramon','Klocko','w','1982-11-15','jzpb','021 Lizzie Rue Apt. 039\nWillmsstad, WI 93791','ostiedemann@example.org',88,'2017-08-10 17:38:30','2020-06-09 18:52:15'),(8,'Verlie','Mosciski','w','1985-03-07','ziaq','431 Patsy Parks\nWest Boydville, WV 15389-2881','wolf.wellington@example.org',14,'2012-05-05 19:40:53','2020-06-09 18:52:15'),(9,'Leda','Harris','w','1992-01-24','wzzc','48566 Mertz Squares\nForrestfort, MN 61789-6201','greenfelder.delaney@example.net',3,'2010-07-07 15:41:33','2020-06-09 18:52:15'),(10,'Reese','Buckridge','m','2004-11-02','spfx','8114 Cole Plains\nGottliebview, IA 50662','rweissnat@example.net',73,'2016-12-27 04:55:17','2020-06-09 18:52:15'),(11,'Cayla','Hansen','m','2016-10-18','clzj','05126 Johns Lights Suite 953\nBechtelarfort, ME 73719','tiana.thiel@example.com',56,'2016-04-10 14:22:10','2020-06-09 18:52:15'),(12,'Antonietta','Parisian','w','1984-05-18','uujt','19057 Emerson Light Suite 142\nWest Brenden, AZ 47441','emely.roob@example.com',58,'2011-02-23 10:05:02','2020-06-09 18:52:15'),(13,'Stephanie','Mohr','m','2009-11-26','yqtp','5163 Hugh Forest\nLake Julianne, OR 83032-1233','uemard@example.org',25,'2016-07-03 00:36:43','2020-06-09 18:52:15'),(14,'Ada','Dare','m','1981-01-05','mhnd','2863 Angel Parks Apt. 001\nSouth Caden, KY 35777-2762','glesch@example.net',49,'2019-12-14 01:14:32','2020-06-09 18:52:15'),(15,'Nettie','Daugherty','w','2011-12-20','btce','208 Jerod Course Suite 165\nAlysonville, AK 21863','estanton@example.org',69,'2012-01-24 08:55:31','2020-06-09 18:52:15'),(16,'Jayda','Kuhic','w','1984-09-26','frni','07517 Tabitha Greens Suite 058\nNorth Carolannefort, WA 13774','kunze.patsy@example.org',99,'2015-04-21 06:21:07','2020-06-09 18:52:15'),(17,'Hans','Walker','w','1973-09-27','rizn','928 Gabriella Terrace Apt. 320\nO\'Konmouth, CA 19499-2654','lpagac@example.com',89,'2018-08-13 02:05:50','2020-06-09 18:52:15'),(18,'Summer','McGlynn','m','1975-10-01','meja','0518 Jeanne Summit Apt. 039\nDaisyshire, KY 99305-4723','collier.tanner@example.com',45,'2014-06-28 13:35:00','2020-06-09 18:52:15'),(19,'Keagan','Fisher','w','1975-05-01','huwy','72324 Willms Track\nNew Annamarieville, OH 53128-8583','heathcote.frederic@example.org',57,'2017-06-05 06:05:41','2020-06-09 18:52:15'),(20,'Sanford','Wyman','w','2020-02-02','uhga','713 Raynor Orchard Apt. 478\nPort Kylertown, NE 20992-3795','bkuhn@example.com',49,'2019-04-21 14:21:17','2020-06-09 18:52:15'),(21,'Sister','Frami','m','1978-09-20','qibo','274 Carey Trace\nHillsfurt, IL 02423-8795','ewalter@example.com',73,'2014-08-27 09:13:18','2020-06-09 18:52:15'),(22,'Brenna','Gibson','w','1984-05-27','zrrq','96616 Mervin Fields Apt. 738\nPaucekmouth, TX 63709-1554','cole.bobby@example.org',16,'2011-10-31 14:55:04','2020-06-09 18:52:15'),(23,'Lucio','Zieme','m','1977-02-06','qzuv','452 Neva Path Apt. 845\nCartwrightfort, NM 69915-0005','fhoppe@example.com',64,'2013-06-27 06:44:47','2020-06-09 18:52:15'),(24,'Yasmin','Wiza','w','2000-07-02','jjup','04264 Nader Overpass\nValeriemouth, WA 11708','xrodriguez@example.org',70,'2012-12-31 22:28:09','2020-06-09 18:52:15'),(25,'Angel','Bayer','w','1997-09-12','tcxa','54369 Kshlerin Fall Suite 123\nOlsontown, MN 16887-8158','selena84@example.com',59,'2018-11-11 06:47:38','2020-06-09 18:52:15'),(26,'Earline','Sanford','m','1979-12-25','mtqy','745 Weimann Ville Suite 428\nJordonfort, PA 46708-0605','meta.kris@example.com',83,'2015-11-20 20:35:51','2020-06-09 18:52:15'),(27,'Kyler','King','m','2007-02-13','qyrw','9610 Palma Island\nDaughertyburgh, NH 43666-2281','fupton@example.org',40,'2018-03-27 08:44:03','2020-06-09 18:52:15'),(28,'Lisette','Morissette','w','1997-03-22','jvys','322 Russ Hills Suite 239\nNew Tessieshire, LA 14654','qkuhlman@example.net',49,'2013-07-22 02:42:04','2020-06-09 18:52:15'),(29,'Danyka','Haley','w','2011-07-02','sjin','5911 Haley Shores\nSouth Ryleybury, DC 54816','darrion18@example.org',24,'2019-05-15 14:44:34','2020-06-09 18:52:15'),(30,'Dillon','Terry','m','1982-04-29','bfbk','3866 Muller Ports\nWest Kaliberg, OR 59640-5256','howe.lew@example.com',71,'2014-10-20 18:03:33','2020-06-09 18:52:15'),(31,'Maybelle','Haag','m','2005-03-28','cspf','77580 Senger Mall Suite 124\nNorth Furman, TN 37769-7299','nhauck@example.com',83,'2016-01-18 20:46:16','2020-06-09 18:52:15'),(32,'Aimee','Schmeler','w','2020-04-10','jgji','549 Thompson Crossing\nEast Halleport, ID 76456-2861','turcotte.jo@example.org',3,'2015-03-29 18:19:06','2020-06-09 18:52:15'),(33,'Lazaro','Trantow','w','2014-10-07','kase','089 Schiller Spring\nLake Maialand, OH 01848','ludwig45@example.com',66,'2020-05-31 15:23:31','2020-06-09 18:52:15'),(34,'Margret','Mosciski','m','2008-05-10','uzky','89620 Harber Square Apt. 207\nKatlyntown, WA 74653-6000','triston34@example.com',19,'2019-12-21 07:15:12','2020-06-09 18:52:15'),(35,'Clarabelle','Stark','m','1971-11-09','ivnk','09958 Blaise Lodge\nMarquardthaven, CT 26612','susanna99@example.net',95,'2018-09-21 07:57:20','2020-06-09 18:52:15'),(36,'Mose','Gleason','w','1979-09-26','klup','8723 King Street\nBayleefurt, SC 09251','peichmann@example.net',19,'2013-07-23 10:17:02','2020-06-09 18:52:15'),(37,'Toby','Roberts','w','2001-01-18','nnsi','99543 Frami Villages\nNew Freeman, NH 50940-8738','lucy.dare@example.net',11,'2016-10-31 00:52:23','2020-06-09 18:52:15'),(38,'Ervin','Quitzon','m','1991-03-17','hdqg','67954 Cortney Ramp Apt. 224\nWest Lisa, TX 21630','tamia.herman@example.org',97,'2019-11-25 21:08:20','2020-06-09 18:52:15'),(39,'Jennie','Bradtke','m','1978-01-10','wojv','92370 Hunter Park\nHerminioburgh, OH 28617-1745','dmertz@example.com',50,'2011-09-29 18:05:36','2020-06-09 18:52:15'),(40,'Porter','Hayes','w','2003-07-12','iywk','3875 Kristian Inlet Suite 011\nNew Alexandrehaven, MI 81524-6681','renner.adrien@example.org',58,'2019-09-07 18:11:35','2020-06-09 18:52:15'),(41,'Kendrick','Reinger','m','1994-08-17','kxqh','414 Armani Camp Suite 986\nPort Wilhelmstad, OK 68672','bmcglynn@example.org',38,'2019-11-07 00:13:41','2020-06-09 18:52:15'),(42,'Jerry','Schmeler','w','2006-04-22','mgyz','60469 Erich Knoll Apt. 231\nWilliamburgh, WA 11349','ward.otha@example.org',19,'2019-07-28 16:05:57','2020-06-09 18:52:15'),(43,'Florence','Bins','w','1972-08-12','zwhi','0625 Legros Islands\nWilberview, ID 19366','baumbach.amber@example.org',80,'2016-09-03 06:43:00','2020-06-09 18:52:15'),(44,'Brooklyn','Farrell','w','2004-10-01','ljbk','905 Judy Fork Apt. 369\nLake Lulu, LA 71841','zula66@example.net',41,'2011-05-27 23:24:29','2020-06-09 18:52:15'),(45,'Edwina','Parker','m','1989-02-05','dlbq','9539 Russel Oval Suite 196\nSchambergerbury, SC 61770','brakus.reagan@example.com',64,'2011-01-26 01:55:07','2020-06-09 18:52:15'),(46,'Leora','Morar','w','1994-09-21','lwdj','5702 Aufderhar Estate Apt. 047\nCreminchester, IA 20537-7420','zwuckert@example.net',96,'2016-08-21 04:48:38','2020-06-09 18:52:15'),(47,'Lorine','Simonis','m','2007-02-15','djkx','7771 Treutel Burg Suite 563\nPort Shad, NY 92894-6969','louisa.harber@example.org',88,'2013-12-03 16:39:34','2020-06-09 18:52:15'),(48,'Skylar','Smitham','m','1976-01-06','cijz','001 Jewell Pike Suite 685\nBauchhaven, CT 66576','florine30@example.org',51,'2013-09-30 09:03:21','2020-06-09 18:52:15'),(49,'Walker','Haag','m','1977-01-15','bgcb','58807 Brisa Forge\nEast Malinda, MN 46377','ari40@example.org',90,'2010-08-04 17:30:29','2020-06-09 18:52:15'),(50,'Destini','O\'Hara','m','1989-02-05','uxns','00504 Shields Dam Apt. 832\nPort Jarrell, MI 96216-7612','qblock@example.net',96,'2012-07-22 05:07:21','2020-06-09 18:52:15'),(51,'Dannie','Kuhic','w','1983-02-04','nqnh','115 Mertz Shore\nLake Asamouth, MI 20793','dicki.horacio@example.org',12,'2014-01-10 22:33:59','2020-06-09 18:52:15'),(52,'Ole','Dare','m','2012-08-17','hnaj','703 Ritchie Gateway Apt. 530\nLake Nikki, NH 05883','zrowe@example.com',69,'2018-03-26 03:08:00','2020-06-09 18:52:15'),(53,'Gloria','Rice','m','1995-11-23','benx','099 Ritchie Crossroad Apt. 741\nNorth Julian, KY 20279-0350','corwin.erich@example.org',9,'2018-04-26 10:03:22','2020-06-09 18:52:15'),(54,'Leo','Konopelski','m','1998-10-23','dxqh','76179 Conroy Isle Suite 610\nEmardfort, WY 35451-6842','dschowalter@example.com',37,'2016-10-14 02:37:05','2020-06-09 18:52:15'),(55,'Shanny','Ankunding','m','2001-11-06','sfrs','91018 Block Inlet Suite 356\nHumbertoville, OK 86261','ghartmann@example.com',56,'2013-04-22 10:53:44','2020-06-09 18:52:15'),(56,'Eve','Morissette','w','1988-05-18','cdrg','5912 Mable Mission\nMarleneshire, ND 19450','willms.modesto@example.org',71,'2010-07-16 10:07:25','2020-06-09 18:52:15'),(57,'Devan','Nolan','w','1999-02-17','adjx','898 Kris Crossing Suite 632\nJohnsview, FL 40335-0012','malvina72@example.org',84,'2011-11-27 23:38:36','2020-06-09 18:52:15'),(58,'Lonie','Schinner','m','1979-06-13','pqab','8965 Lillian Wall\nMillsfurt, MN 43053','rubye.mohr@example.org',9,'2017-01-24 06:19:14','2020-06-09 18:52:15'),(59,'Obie','Hodkiewicz','w','2004-01-08','ixnt','76012 Cronin Route\nLake Kaylah, OR 37014','richmond.zulauf@example.net',93,'2014-03-08 06:08:56','2020-06-09 18:52:15'),(60,'Tristian','Reichel','m','1976-05-03','zywc','048 Victor Spur Apt. 702\nWest Valliebury, MT 76634','travon61@example.org',38,'2011-08-08 08:55:03','2020-06-09 18:52:15'),(61,'Magdalen','Wiegand','m','1986-06-30','kihv','179 Perry Springs Apt. 226\nEast Mikaylaburgh, MN 66336-3688','gorczany.william@example.net',10,'2011-07-31 11:39:37','2020-06-09 18:52:15'),(62,'Ana','Mann','w','2013-05-17','dnns','98153 Pablo Walk Apt. 106\nPort Dorothyhaven, MI 73596-6244','magali47@example.org',35,'2018-12-19 06:09:27','2020-06-09 18:52:15'),(63,'Kip','Grant','m','1988-10-11','ifkd','364 Donnelly Brooks Suite 350\nAbrahammouth, OR 02508','pink45@example.org',45,'2013-10-18 11:37:18','2020-06-09 18:52:15'),(64,'Verner','Schuster','m','1992-01-09','ncdl','036 Hirthe Cape\nLowechester, SD 97480','west.jordi@example.net',21,'2013-08-03 06:42:30','2020-06-09 18:52:15'),(65,'Marcelo','Morar','w','1979-03-06','wbao','708 Kari Inlet\nFeliciaburgh, AR 42536-6522','christ.reilly@example.com',68,'2018-12-17 18:28:14','2020-06-09 18:52:15'),(66,'Fanny','Wiza','w','1975-12-06','byow','235 Franecki Alley Apt. 368\nJohannland, OH 92765','jada.murazik@example.net',76,'2015-01-22 06:07:00','2020-06-09 18:52:15'),(67,'Ayden','Medhurst','w','1981-03-09','pwxg','831 Waelchi Crossing Apt. 266\nSouth Dianna, PA 90425-3938','rossie48@example.org',75,'2015-09-06 08:57:51','2020-06-09 18:52:15'),(68,'Jabari','Effertz','w','2002-01-03','uzaf','783 Kiara Mews\nMagdalenamouth, CT 03177-3704','mertz.jackeline@example.com',49,'2012-09-27 00:04:05','2020-06-09 18:52:15'),(69,'Karianne','Kassulke','m','2000-08-14','asru','9673 Durward Valleys\nLeschhaven, RI 32157-2444','immanuel.romaguera@example.org',17,'2016-02-25 02:05:49','2020-06-09 18:52:15'),(70,'Ima','Langworth','w','2003-08-09','bgwr','5370 Dooley Branch\nNew Stephaniaville, KY 62745','shemar.heidenreich@example.org',40,'2012-05-29 12:04:39','2020-06-09 18:52:15'),(71,'Eula','Botsford','w','2003-07-28','bsry','093 Maximillian Hill\nEast Crystelland, OK 31157-2932','katherine15@example.org',48,'2016-09-19 20:35:13','2020-06-09 18:52:15'),(72,'Ruben','Fritsch','m','2015-09-09','rdnm','34270 Davis Tunnel Apt. 813\nHomenickberg, TN 01282-7752','berniece21@example.com',21,'2017-11-19 18:14:17','2020-06-09 18:52:15'),(73,'Nicolas','Schroeder','w','1982-11-02','foek','063 Emard Glen\nRyannbury, WY 28706-2769','darrell.bins@example.net',58,'2018-11-15 06:40:24','2020-06-09 18:52:15'),(74,'Ezequiel','Glover','m','1984-05-26','epfl','02344 Raina Estates\nWest Cruzborough, NE 68539-5144','hansen.trystan@example.com',25,'2015-04-04 06:37:18','2020-06-09 18:52:15'),(75,'Akeem','Stroman','w','2004-09-27','cijw','3333 Toy Islands Suite 702\nNew Delbert, NH 49167-7740','kayden.gusikowski@example.net',54,'2014-02-11 22:10:00','2020-06-09 18:52:15'),(76,'Samson','Torp','m','1976-10-25','uelz','442 Jazmyn Expressway\nKyleighchester, MA 77525-3146','robyn00@example.com',93,'2016-01-05 09:16:47','2020-06-09 18:52:15'),(77,'Mac','Bashirian','w','1978-11-25','zqqh','245 Maxie Courts\nSouth Ethelyn, WA 03832','yundt.lea@example.org',5,'2013-12-04 09:55:35','2020-06-09 18:52:15'),(78,'Cathy','Bergnaum','w','1986-08-29','qdsh','6042 Sipes Highway Apt. 377\nEast Chasityville, MD 38480','michaela56@example.com',43,'2011-05-01 06:46:26','2020-06-09 18:52:15'),(79,'Geovanni','Considine','w','1989-06-19','ahvh','897 Penelope Points\nPort Theodorechester, WV 62611','kuhlman.alysha@example.org',98,'2014-11-02 06:18:54','2020-06-09 18:52:15'),(80,'Tito','Trantow','w','2016-07-17','hbnl','563 Braulio Circles Suite 888\nIrvingfort, AZ 98219-8447','hodkiewicz.rolando@example.org',64,'2019-10-13 00:09:18','2020-06-09 18:52:15'),(81,'Lily','Rath','w','2015-11-27','ryqd','09375 Cassin Mill Apt. 250\nEloisaton, KY 37366','yfritsch@example.com',23,'2019-10-10 00:52:37','2020-06-09 18:52:15'),(82,'Mable','Swift','m','2013-12-22','wxfa','74265 Alda Landing\nPort Barton, NM 49977-5059','violet75@example.net',24,'2016-09-07 00:16:27','2020-06-09 18:52:15'),(83,'Ellie','Yundt','m','1999-12-07','mvyj','414 Walter Roads Apt. 563\nLake Assuntastad, AL 07433-4833','hilpert.annette@example.net',49,'2014-03-02 04:46:03','2020-06-09 18:52:15'),(84,'Grace','Schmitt','m','2004-06-28','dhbx','845 Kunde Way\nLake Ransom, KS 31794-3726','greenholt.asia@example.net',73,'2019-06-26 15:34:18','2020-06-09 18:52:15'),(85,'Deron','Huel','m','2014-04-22','xskw','0312 King Parkways\nRathstad, MN 98414-6934','chelsea98@example.net',16,'2011-06-29 12:19:11','2020-06-09 18:52:15'),(86,'Natalia','Jakubowski','w','2004-12-01','wgxd','92891 Pagac Stream Apt. 874\nCollierville, WI 56406-1130','augustus.connelly@example.net',60,'2017-02-08 03:34:08','2020-06-09 18:52:15'),(87,'Joy','Bernier','m','1977-04-01','youl','2172 O\'Keefe Plains\nGislasonfort, VT 49324','jacklyn64@example.com',51,'2014-10-25 09:04:51','2020-06-09 18:52:15'),(88,'Noemi','Fritsch','w','1973-08-13','diep','5842 Noemi Coves Suite 441\nBoyleberg, RI 65875','gabernathy@example.net',78,'2018-12-26 05:33:20','2020-06-09 18:52:15'),(89,'Elmer','Bechtelar','m','2008-05-12','hcnn','79524 Annette Plaza\nSouth Ceciliachester, FL 20846','qrenner@example.org',33,'2015-07-05 06:50:53','2020-06-09 18:52:15'),(90,'Lucinda','Rippin','m','2000-06-02','lzbg','8823 Wolff Ford\nNorth Fae, CO 90420-3674','jacynthe.jones@example.net',32,'2014-07-27 07:51:19','2020-06-09 18:52:15'),(91,'Sigurd','Hilll','w','2011-04-20','cdzr','95811 Max Locks\nMaximilliafurt, NV 78897','bjones@example.org',60,'2016-02-19 22:58:46','2020-06-09 18:52:15'),(92,'Armando','Walter','w','2007-08-13','cpnw','01718 Kuvalis Garden Suite 248\nPort Ignatiusburgh, SC 28689','gunnar99@example.com',3,'2012-01-09 04:59:45','2020-06-09 18:52:15'),(93,'Rhett','Sporer','m','1972-06-17','skcs','0951 Wolf Gardens Apt. 568\nCarolynebury, OR 64028','isabell.larson@example.com',35,'2012-04-12 00:47:28','2020-06-09 18:52:15'),(94,'Precious','Herman','m','1988-03-30','jyux','2917 Wisozk Orchard\nLindchester, ID 46540-7242','ikassulke@example.net',64,'2015-06-24 01:14:20','2020-06-09 18:52:15'),(95,'Cesar','Price','m','2016-09-23','fnjb','36937 Gleichner Hills Apt. 483\nLake Alfred, FL 88416-2869','hweissnat@example.net',15,'2011-11-20 04:56:03','2020-06-09 18:52:15'),(96,'Yvette','Daugherty','w','2018-05-17','nuns','45172 Stefan Turnpike\nNew Kyla, NM 64992-0092','pansy.beer@example.org',83,'2018-04-04 04:19:56','2020-06-09 18:52:15'),(97,'Lazaro','Jacobs','m','1998-11-25','sdet','533 Stiedemann Path\nMattton, SD 47613','blick.deanna@example.com',69,'2018-06-03 10:01:15','2020-06-09 18:52:15'),(98,'Jada','Gorczany','m','1983-08-26','jnrq','658 Kuhlman Knoll Apt. 887\nRobelton, MD 21301-3480','naomie55@example.net',95,'2012-01-20 16:04:40','2020-06-09 18:52:15'),(99,'Guido','Padberg','m','1996-05-25','ruoi','86550 Hackett View Apt. 837\nNorth Derickport, RI 68036-9355','furman30@example.net',69,'2016-04-08 11:21:13','2020-06-09 18:52:15'),(100,'Elise','Prohaska','m','1984-07-04','fjxo','880 Walker Brooks\nLake Aprilfort, NV 50822','gino04@example.org',57,'2018-06-17 07:50:10','2020-06-09 18:52:15');
/*!40000 ALTER TABLE `student_profiles` ENABLE KEYS */;
UNLOCK TABLES;

--
-- Table structure for table `student_test_results`
--

DROP TABLE IF EXISTS `student_test_results`;
/*!40101 SET @saved_cs_client     = @@character_set_client */;
/*!50503 SET character_set_client = utf8mb4 */;
CREATE TABLE `student_test_results` (
  `student_id` bigint unsigned NOT NULL,
  `sat_math_score` bigint DEFAULT NULL,
  `sat_english_score` smallint unsigned DEFAULT NULL,
  `sat_subject_id` smallint unsigned DEFAULT NULL,
  `sat_subject_score` smallint unsigned DEFAULT NULL,
  PRIMARY KEY (`student_id`),
  KEY `students_test_results_sat_subject_id_fk` (`sat_subject_id`),
  KEY `students_test_results_sat_math_score_idx` (`sat_math_score`),
  KEY `students_test_results_sat_english_score_idx` (`sat_english_score`),
  KEY `students_test_results_sat_subject_score_idx` (`sat_subject_score`),
  CONSTRAINT `students_test_results_sat_subject_id_fk` FOREIGN KEY (`sat_subject_id`) REFERENCES `sat_subjects` (`id`) ON DELETE SET NULL,
  CONSTRAINT `students_test_results_student_id_fk` FOREIGN KEY (`student_id`) REFERENCES `student_profiles` (`id`) ON DELETE CASCADE
) ENGINE=InnoDB DEFAULT CHARSET=utf8 COLLATE=utf8_unicode_ci;
/*!40101 SET character_set_client = @saved_cs_client */;

--
-- Dumping data for table `student_test_results`
--

LOCK TABLES `student_test_results` WRITE;
/*!40000 ALTER TABLE `student_test_results` DISABLE KEYS */;
INSERT INTO `student_test_results` VALUES (1,374,517,5,517),(2,758,391,1,658),(3,516,210,7,150),(4,782,678,8,671),(5,712,661,3,664),(6,698,317,3,454),(7,659,236,8,158),(8,106,255,7,467),(10,604,261,4,734),(11,662,749,5,743),(12,756,137,3,195),(13,698,506,6,272),(17,581,699,4,607),(18,581,470,5,383),(19,408,643,5,364),(20,447,134,2,486),(21,650,417,7,431),(22,522,435,5,304),(23,788,754,4,788),(24,129,570,2,177),(25,626,326,2,710),(27,621,786,6,664),(28,248,415,4,786),(29,196,203,7,283),(30,533,592,8,759),(31,775,610,3,439),(32,292,601,4,700),(33,435,377,3,176),(35,701,386,2,629),(36,266,476,2,207),(37,234,456,1,167),(38,154,433,1,780),(39,471,645,4,103),(41,313,764,7,241),(42,450,667,1,163),(43,510,677,6,473),(44,608,373,2,106),(46,270,204,2,622),(47,368,530,5,118),(48,781,355,3,153),(49,617,121,5,131),(50,147,343,7,560),(51,424,433,7,479),(52,684,127,4,479),(53,457,348,8,381),(54,544,238,2,751),(55,308,290,8,580),(56,754,325,1,642),(57,504,389,1,620),(58,315,759,5,724),(59,588,499,1,562),(60,745,314,3,672),(61,661,667,6,594),(62,367,554,2,538),(63,673,530,2,243),(64,693,178,4,131),(65,531,290,2,339),(67,606,622,8,377),(68,238,266,5,702),(69,320,616,2,693),(70,622,666,7,120),(71,635,738,5,571),(72,725,731,7,207),(73,477,487,4,553),(74,105,237,1,611),(76,645,173,2,156),(77,532,154,6,658),(78,687,158,4,696),(79,417,514,8,647),(80,691,240,8,577),(81,131,441,1,230),(83,545,316,1,764),(85,738,282,1,219),(86,537,426,6,586),(87,356,168,4,627),(88,619,183,7,282),(89,441,314,2,777),(90,146,140,8,149),(91,248,520,3,166),(92,728,306,2,207),(93,739,554,7,570),(94,445,624,4,455),(96,367,457,5,784),(98,187,782,8,566),(99,269,723,1,171),(100,168,358,1,103);
/*!40000 ALTER TABLE `student_test_results` ENABLE KEYS */;
UNLOCK TABLES;

--
-- Table structure for table `teacher_evaluations`
--

DROP TABLE IF EXISTS `teacher_evaluations`;
/*!40101 SET @saved_cs_client     = @@character_set_client */;
/*!50503 SET character_set_client = utf8mb4 */;
CREATE TABLE `teacher_evaluations` (
  `id` int unsigned NOT NULL AUTO_INCREMENT,
  `school_id` int unsigned NOT NULL,
  `student_id` bigint unsigned NOT NULL,
  `teacher_name` varchar(100) CHARACTER SET utf8 COLLATE utf8_unicode_ci NOT NULL,
  `evaluation` text CHARACTER SET utf8 COLLATE utf8_unicode_ci,
  PRIMARY KEY (`id`),
  KEY `teacher_evaluations_school_id_fk` (`school_id`),
  KEY `teacher_evaluations_students_id_fk` (`student_id`),
  CONSTRAINT `teacher_evaluations_school_id_fk` FOREIGN KEY (`school_id`) REFERENCES `school_profiles` (`id`) ON DELETE CASCADE,
  CONSTRAINT `teacher_evaluations_student_id_fk` FOREIGN KEY (`student_id`) REFERENCES `student_profiles` (`id`) ON DELETE CASCADE
) ENGINE=InnoDB AUTO_INCREMENT=101 DEFAULT CHARSET=utf8 COLLATE=utf8_unicode_ci;
/*!40101 SET character_set_client = @saved_cs_client */;

--
-- Dumping data for table `teacher_evaluations`
--

LOCK TABLES `teacher_evaluations` WRITE;
/*!40000 ALTER TABLE `teacher_evaluations` DISABLE KEYS */;
INSERT INTO `teacher_evaluations` VALUES (1,88,47,'Valentine Hirthe','https://dropbox/ca/Rerum.pdf'),(2,49,28,'Dr. Elody Ziemann','https://dropbox/ca/Bland.pdf'),(3,49,20,'Astrid Hodkiewicz','https://dropbox/ca/Conse.pdf'),(4,43,6,'Rosemarie O\'Keefe','https://dropbox/ca/Neces.jpeg'),(5,59,2,'Dorothea Bogisich','https://dropbox/ca/Et od.pdf'),(6,96,46,'Marianne Schinner','https://dropbox/ca/Ipsam.jpeg'),(7,73,10,'Lina Cummerata','https://dropbox/ca/Susci.pdf'),(8,83,96,'Prof. Milan Considine III','https://dropbox/ca/Place.jpeg'),(9,75,67,'Vita Wisoky','https://dropbox/ca/Volup.pdf'),(10,69,52,'Xavier Rippin','https://dropbox/ca/Possi.jpeg'),(11,78,88,'Florencio Ruecker','https://dropbox/ca/Ut es.pdf'),(12,58,40,'Cody Batz','https://dropbox/ca/Archi.jpeg'),(13,64,94,'Dr. Jennifer Padberg II','https://dropbox/ca/Volup.pdf'),(14,25,74,'Mrs. Nyah Wintheiser','https://dropbox/ca/Ut vo.pdf'),(15,38,41,'Willard Weber','https://dropbox/ca/Quasi.jpeg'),(16,95,35,'Russel Wehner I','https://dropbox/ca/Ea co.pdf'),(17,37,54,'Cary Berge','https://dropbox/ca/Volup.pdf'),(18,69,99,'Moses Jacobs','https://dropbox/ca/Cupid.jpeg'),(19,21,64,'Darien Keeling','https://dropbox/ca/Fuga .pdf'),(20,57,100,'Mr. Randal Lowe','https://dropbox/ca/Volup.jpeg'),(21,19,36,'Yessenia Dach','https://dropbox/ca/Rerum.pdf'),(22,3,9,'Haven Mante IV','https://dropbox/ca/Nulla.jpeg'),(23,89,17,'Mrs. Bette Buckridge IV','https://dropbox/ca/Volup.jpeg'),(24,60,91,'Mrs. Dianna Monahan','https://dropbox/ca/Amet .jpeg'),(25,60,91,'Sammie Luettgen','https://dropbox/ca/Reici.pdf'),(26,54,75,'Dr. Dahlia Nader','https://dropbox/ca/Simil.pdf'),(27,95,3,'Prof. Lou Moen MD','https://dropbox/ca/Aut e.jpeg'),(28,64,80,'Mazie Kertzmann','https://dropbox/ca/Labor.jpeg'),(29,35,62,'Dr. David McGlynn V','https://dropbox/ca/Porro.pdf'),(30,89,17,'Dejah Haag','https://dropbox/ca/Conse.pdf'),(31,25,13,'Anissa Mitchell','https://dropbox/ca/Nostr.jpeg'),(32,96,46,'Prof. Randi Hamill V','https://dropbox/ca/Digni.jpeg'),(33,83,26,'Prof. Adrian Schiller','https://dropbox/ca/At la.jpeg'),(34,49,28,'Ms. Antonette Kertzmann','https://dropbox/ca/Dolor.pdf'),(35,69,97,'Abdullah Nader','https://dropbox/ca/Porro.pdf'),(36,73,21,'Miss Janice Jacobson II','https://dropbox/ca/Assum.jpeg'),(37,25,74,'Tania Zemlak','https://dropbox/ca/Cum s.pdf'),(38,89,17,'Dayana Douglas','https://dropbox/ca/Est i.jpeg'),(39,49,14,'Zack Bergnaum','https://dropbox/ca/Neque.jpeg'),(40,15,95,'Prof. Skye Moore','https://dropbox/ca/Saepe.jpeg'),(41,57,100,'Donato Terry','https://dropbox/ca/Inven.jpeg'),(42,71,56,'Mrs. Nola Crona Sr.','https://dropbox/ca/Ducim.jpeg'),(43,95,35,'Prof. Einar Rice Sr.','https://dropbox/ca/Quia .jpeg'),(44,9,53,'Abigale Boehm','https://dropbox/ca/Sed u.jpeg'),(45,50,39,'Darrion Davis','https://dropbox/ca/Repel.pdf'),(46,64,94,'Dr. Mitchell Dare','https://dropbox/ca/Disti.pdf'),(47,35,62,'Krystel Little','https://dropbox/ca/Sunt .jpeg'),(48,3,92,'Celine Nikolaus I','https://dropbox/ca/Quam .pdf'),(49,49,28,'Ian Williamson','https://dropbox/ca/Imped.pdf'),(50,97,38,'Dr. Nicola Kovacek','https://dropbox/ca/Beata.pdf'),(51,70,24,'Arthur Zieme','https://dropbox/ca/Corru.jpeg'),(52,50,39,'Winifred Becker III','https://dropbox/ca/A acc.jpeg'),(53,17,69,'Rahsaan Koepp','https://dropbox/ca/Et la.pdf'),(54,57,100,'Mr. Osvaldo Kessler I','https://dropbox/ca/Facil.jpeg'),(55,60,86,'Dr. Finn Kuhic II','https://dropbox/ca/Perfe.jpeg'),(56,71,56,'Ariane Windler','https://dropbox/ca/Tempo.jpeg'),(57,96,50,'Magnus Rath','https://dropbox/ca/Dolor.pdf'),(58,59,2,'Garrison Keebler','https://dropbox/ca/Ut re.jpeg'),(59,69,52,'Owen Labadie','https://dropbox/ca/Qui p.pdf'),(60,69,99,'Mr. Terence Kerluke MD','https://dropbox/ca/Sit d.jpeg'),(61,54,75,'Jimmy Eichmann','https://dropbox/ca/Aut n.pdf'),(62,41,44,'Maia Parker','https://dropbox/ca/Aut s.jpeg'),(63,56,11,'Dr. Ashlee Murray','https://dropbox/ca/Eaque.pdf'),(64,71,30,'Simeon Rempel II','https://dropbox/ca/Eum d.jpeg'),(65,89,17,'Dr. Berniece Homenick','https://dropbox/ca/Nobis.jpeg'),(66,69,15,'Prof. Isaiah Durgan DDS','https://dropbox/ca/Natus.jpeg'),(67,25,13,'Constantin Conn','https://dropbox/ca/Volup.jpeg'),(68,9,58,'Noelia Mann I','https://dropbox/ca/Aut f.pdf'),(69,78,88,'Myles Barton','https://dropbox/ca/Quam .pdf'),(70,49,20,'Marcella Reilly','https://dropbox/ca/Fugia.pdf'),(71,96,50,'Reymundo Dickinson','https://dropbox/ca/Sit v.jpeg'),(72,9,58,'Kristina Dare','https://dropbox/ca/Est u.pdf'),(73,19,36,'Timmothy Heidenreich','https://dropbox/ca/Eum v.jpeg'),(74,23,81,'Dr. Davon Altenwerth','https://dropbox/ca/Archi.pdf'),(75,51,48,'Dr. Rosalia Crist I','https://dropbox/ca/Quos .jpeg'),(76,73,21,'Ms. Rosalee Heller','https://dropbox/ca/Tempo.jpeg'),(77,64,80,'Evert Hilpert','https://dropbox/ca/Et as.pdf'),(78,43,78,'Dillan Runolfsson','https://dropbox/ca/Qui t.jpeg'),(79,96,50,'Serena Jaskolski MD','https://dropbox/ca/Quo s.pdf'),(80,11,37,'Treva Pfannerstill','https://dropbox/ca/Modi .pdf'),(81,15,95,'Aida Zboncak','https://dropbox/ca/Est q.jpeg'),(82,80,43,'Dr. Mavis Corkery I','https://dropbox/ca/Paria.jpeg'),(83,88,7,'Sedrick Monahan DDS','https://dropbox/ca/Dolor.jpeg'),(84,83,96,'Lessie Erdman','https://dropbox/ca/Expli.pdf'),(85,58,40,'Richie Will','https://dropbox/ca/Illum.pdf'),(86,51,87,'Stephen Kuhic','https://dropbox/ca/Et un.pdf'),(87,59,25,'Micah Graham','https://dropbox/ca/Optio.jpeg'),(88,73,84,'Ms. Courtney Fay','https://dropbox/ca/Ab se.jpeg'),(89,49,68,'Euna Bogisich','https://dropbox/ca/Assum.jpeg'),(90,96,50,'Kelley Bednar','https://dropbox/ca/Cum e.jpeg'),(91,14,8,'Claud Hackett','https://dropbox/ca/Offic.pdf'),(92,24,29,'Americo Stroman','https://dropbox/ca/Numqu.jpeg'),(93,3,92,'Deshawn Williamson','https://dropbox/ca/Place.pdf'),(94,90,49,'Werner Medhurst','https://dropbox/ca/Nostr.pdf'),(95,58,12,'Olga Beatty','https://dropbox/ca/Bland.jpeg'),(96,23,81,'Kylee Hyatt','https://dropbox/ca/Enim .jpeg'),(97,83,31,'Jude O\'Conner IV','https://dropbox/ca/Quasi.jpeg'),(98,70,24,'Mariano Purdy','https://dropbox/ca/Accus.jpeg'),(99,51,87,'Ephraim Wyman IV','https://dropbox/ca/Vero .jpeg'),(100,95,98,'Prof. Moriah Prohaska','https://dropbox/ca/Cumqu.jpeg');
/*!40000 ALTER TABLE `teacher_evaluations` ENABLE KEYS */;
UNLOCK TABLES;

--
-- Final view structure for view `all_students_sorted_by_sat`
--

/*!50001 DROP VIEW IF EXISTS `all_students_sorted_by_sat`*/;
/*!50001 SET @saved_cs_client          = @@character_set_client */;
/*!50001 SET @saved_cs_results         = @@character_set_results */;
/*!50001 SET @saved_col_connection     = @@collation_connection */;
/*!50001 SET character_set_client      = utf8mb4 */;
/*!50001 SET character_set_results     = utf8mb4 */;
/*!50001 SET collation_connection      = utf8mb4_0900_ai_ci */;
/*!50001 CREATE ALGORITHM=UNDEFINED */
/*!50013 DEFINER=`root`@`localhost` SQL SECURITY DEFINER */
/*!50001 VIEW `all_students_sorted_by_sat` AS select `sp`.`first_name` AS `first_name`,`sp`.`last_name` AS `last_name`,`str`.`sat_math_score` AS `sat_math_score`,`str`.`sat_english_score` AS `sat_english_score`,`ss`.`name` AS `name`,`str`.`sat_subject_score` AS `sat_subject_score`,((`str`.`sat_math_score` + `str`.`sat_english_score`) + `str`.`sat_subject_score`) AS `total_sat` from ((`student_profiles` `sp` join `student_test_results` `str` on((`sp`.`id` = `str`.`student_id`))) join `sat_subjects` `ss` on((`ss`.`id` = `str`.`sat_subject_id`))) order by ((`str`.`sat_math_score` + `str`.`sat_english_score`) + `str`.`sat_subject_score`) desc */;
/*!50001 SET character_set_client      = @saved_cs_client */;
/*!50001 SET character_set_results     = @saved_cs_results */;
/*!50001 SET collation_connection      = @saved_col_connection */;

--
-- Final view structure for view `college_applicants_sorted`
--

/*!50001 DROP VIEW IF EXISTS `college_applicants_sorted`*/;
/*!50001 SET @saved_cs_client          = @@character_set_client */;
/*!50001 SET @saved_cs_results         = @@character_set_results */;
/*!50001 SET @saved_col_connection     = @@collation_connection */;
/*!50001 SET character_set_client      = utf8mb4 */;
/*!50001 SET character_set_results     = utf8mb4 */;
/*!50001 SET collation_connection      = utf8mb4_0900_ai_ci */;
/*!50001 CREATE ALGORITHM=UNDEFINED */
/*!50013 DEFINER=`root`@`localhost` SQL SECURITY DEFINER */
/*!50001 VIEW `college_applicants_sorted` AS select distinct `sp`.`first_name` AS `first_name`,`sp`.`last_name` AS `last_name`,`sp`.`sex` AS `sex`,`sp`.`birthday` AS `birthday`,`sp`.`email` AS `email` from (`student_profiles` `sp` join `applications` `a` on((`sp`.`id` = `a`.`student_id`))) where (`a`.`college_id` = 4) order by `sp`.`first_name` */;
/*!50001 SET character_set_client      = @saved_cs_client */;
/*!50001 SET character_set_results     = @saved_cs_results */;
/*!50001 SET collation_connection      = @saved_col_connection */;
/*!40103 SET TIME_ZONE=@OLD_TIME_ZONE */;

/*!40101 SET SQL_MODE=@OLD_SQL_MODE */;
/*!40014 SET FOREIGN_KEY_CHECKS=@OLD_FOREIGN_KEY_CHECKS */;
/*!40014 SET UNIQUE_CHECKS=@OLD_UNIQUE_CHECKS */;
/*!40101 SET CHARACTER_SET_CLIENT=@OLD_CHARACTER_SET_CLIENT */;
/*!40101 SET CHARACTER_SET_RESULTS=@OLD_CHARACTER_SET_RESULTS */;
/*!40101 SET COLLATION_CONNECTION=@OLD_COLLATION_CONNECTION */;
/*!40111 SET SQL_NOTES=@OLD_SQL_NOTES */;

-- Dump completed on 2020-06-21  0:32:33
